date,open,close,high,low,return
2020-01-02,4121.35,4152.24,4172.66,4121.35,
2020-01-03,4161.22,4144.96,4164.3,4131.86,-0.0017532705238617
2020-01-06,4120.52,4129.3,4170.64,4102.38,-0.0037780822975371
2020-01-07,4137.4,4160.23,4161.25,4135.1,0.007490373671082
2020-01-08,4139.63,4112.32,4149.81,4101.98,-0.0115161902106373
2020-01-09,4145.53,4164.37,4165.66,4143.59,0.0126570889424948
2020-01-10,4177.58,4163.18,4180.98,4148.48,-0.0002857575095391
2020-01-13,4166.93,4203.99,4203.99,4148.6,0.009802602818038
2020-01-14,4215.16,4189.89,4223.51,4188.08,-0.0033539565983742
2020-01-15,4186.88,4166.73,4193.87,4150.88,-0.0055275914164812
2020-01-16,4174.82,4149.04,4175.29,4142.18,-0.0042455354678607
2020-01-17,4162.19,4154.85,4177.03,4141.64,0.001400323930355
2020-01-20,4170.74,4185.83,4185.96,4149.49,0.0074563461978169
2020-01-21,4165.02,4114.31,4165.02,4113.33,-0.0170862170704494
2020-01-22,4093.8,4131.93,4141.18,4046.49,0.0042826136095723
2020-01-23,4093.32,4003.9,4103.52,3972.39,-0.0309855200838349
2020-02-03,3639.91,3688.36,3732.16,3639.91,-0.078808162042009
2020-02-04,3652.0,3785.64,3786.86,3652.0,0.0263748657940112
2020-02-05,3801.1,3828.53,3866.01,3781.61,0.0113296562800477
2020-02-06,3841.75,3899.78,3914.92,3806.96,0.0186102760067179
2020-02-07,3879.55,3899.87,3899.88,3849.71,2.3078224925532357e-05
2020-02-10,3872.37,3916.01,3920.17,3861.01,0.0041385994917779
2020-02-11,3926.42,3952.46,3970.52,3915.71,0.0093079435445773
2020-02-12,3945.67,3984.43,3984.43,3940.67,0.0080886334080547
2020-02-13,3985.88,3959.92,3999.55,3950.14,-0.0061514444977072
2020-02-14,3954.23,3987.73,4001.56,3954.02,0.0070228691488716
2020-02-17,3999.65,4077.42,4077.45,3999.65,0.0224914926537151
2020-02-18,4069.83,4057.51,4076.39,4027.79,-0.0048829897337041
2020-02-19,4049.59,4051.31,4085.17,4042.85,-0.0015280307380635
2020-02-20,4062.9,4144.66,4148.53,4055.81,0.0230419296474473
2020-02-21,4134.87,4149.49,4184.44,4130.17,0.0011653549386438
2020-02-24,4131.84,4132.84,4149.01,4097.18,-0.004012541300256
2020-02-25,4066.3,4123.85,4126.71,4020.91,-0.0021752596277619
2020-02-26,4070.1,4073.02,4132.78,4061.13,-0.0123258605429393
2020-02-27,4084.08,4084.88,4110.53,4067.44,0.0029118442826208
2020-02-28,3988.73,3940.05,4031.15,3928.07,-0.035455141889113
2020-03-02,3968.84,4069.67,4092.54,3968.84,0.0328980596692936
2020-03-03,4125.14,4091.36,4147.65,4067.91,0.0053296704646814
2020-03-04,4078.5,4115.05,4115.26,4060.73,0.0057902506745923
2020-03-05,4150.21,4206.73,4215.85,4127.04,0.0222791946634912
2020-03-06,4158.2,4138.51,4181.31,4135.39,-0.0162168715367991
2020-03-09,4063.08,3997.13,4063.08,3995.13,-0.0341620534926822
2020-03-10,3975.23,4082.73,4093.0,3954.75,0.0214153655247639
2020-03-11,4090.93,4028.43,4091.27,4028.4,-0.0132999243153478
2020-03-12,3976.11,3950.91,3987.43,3926.27,-0.0192432287516476
2020-03-13,3771.01,3895.31,3937.18,3765.15,-0.0140727073003434
2020-03-16,3899.86,3727.84,3899.86,3720.51,-0.0429927271513691
2020-03-17,3739.78,3709.68,3786.89,3618.31,-0.0048714537104597
2020-03-18,3729.69,3636.26,3775.85,3636.26,-0.0197914644928941
2020-03-19,3623.79,3589.09,3647.99,3503.19,-0.0129721197054116
2020-03-20,3629.51,3653.22,3663.95,3588.78,0.0178680389736674
2020-03-23,3542.68,3530.31,3585.8,3523.79,-0.0336442918849672
2020-03-24,3598.65,3625.11,3627.76,3545.45,0.0268531658692863
2020-03-25,3711.48,3722.52,3732.65,3685.99,0.0268709087448379
2020-03-26,3692.61,3698.05,3736.25,3681.27,-0.0065735039704285
2020-03-27,3746.39,3710.06,3758.78,3709.92,0.0032476575492488
2020-03-30,3657.46,3674.11,3690.64,3637.59,-0.009689870244686
2020-03-31,3708.14,3686.16,3716.07,3676.2,0.0032797058335214
2020-04-01,3682.3,3675.08,3731.78,3670.97,-0.0030058380536927
2020-04-02,3656.32,3734.53,3734.53,3652.32,0.0161765186063977
2020-04-03,3721.48,3713.22,3738.83,3698.98,-0.0057062066712545
2020-04-07,3779.91,3798.02,3803.63,3772.21,0.0228373217854045
2020-04-08,3776.42,3780.34,3793.0,3767.29,-0.0046550571087039
2020-04-09,3798.49,3792.81,3801.72,3785.31,0.0032986450954146
2020-04-10,3794.84,3769.18,3824.74,3758.96,-0.0062302092643713
2020-04-13,3751.71,3753.26,3769.88,3740.19,-0.0042237303604496
2020-04-14,3777.83,3825.7,3825.76,3764.98,0.0193005547177651
2020-04-15,3820.85,3797.36,3829.8,3793.44,-0.007407794651959
2020-04-16,3777.8,3802.38,3807.36,3774.56,0.0013219710535741
2020-04-17,3831.92,3839.49,3863.45,3821.42,0.0097596768339829
2020-04-20,3845.46,3853.46,3853.8,3831.55,0.0036385040721553
2020-04-21,3838.23,3808.05,3838.23,3780.0,-0.0117842147057449
2020-04-22,3789.13,3839.38,3839.38,3782.21,0.0082273079397592
2020-04-23,3851.91,3829.75,3857.47,3826.56,-0.0025082174726127
2020-04-24,3826.31,3796.97,3827.21,3787.07,-0.0085593054376917
2020-04-27,3808.02,3822.77,3842.87,3793.77,0.0067948917162896
2020-04-28,3835.35,3849.15,3859.68,3768.2,0.0069007552115352
2020-04-29,3837.51,3867.03,3880.74,3833.72,0.0046451814036865
2020-04-30,3880.41,3912.58,3921.7,3880.41,0.0117790655878025
2020-05-06,3867.26,3936.25,3937.69,3865.99,0.0060497165553163
2020-05-07,3937.59,3924.89,3941.48,3915.9,-0.0028859955541442
2020-05-08,3943.0,3963.62,3979.66,3935.98,0.0098677924731649
2020-05-11,3974.76,3960.18,3998.1,3944.5,-0.0008678934913034
2020-05-12,3961.34,3960.24,3970.11,3930.21,1.5150826477627888e-05
2020-05-13,3946.64,3968.25,3972.53,3932.57,0.0020226046906248
2020-05-14,3952.2,3925.22,3952.2,3924.05,-0.0108435708435709
2020-05-15,3941.13,3912.82,3945.2,3907.4,-0.003159058600537
2020-05-18,3914.66,3922.91,3946.43,3898.4,0.0025787028281392
2020-05-19,3963.78,3956.25,3966.85,3944.07,0.0084987929878586
2020-05-20,3955.71,3935.22,3955.71,3923.92,-0.0053156398104265
2020-05-21,3950.6,3913.79,3951.74,3907.58,-0.0054456929981042
2020-05-22,3907.58,3824.06,3907.58,3818.15,-0.0229266261092189
2020-05-25,3828.32,3829.32,3835.63,3800.18,0.0013755014304168
2020-05-26,3850.0,3872.77,3874.75,3844.48,0.0113466620705502
2020-05-27,3873.7,3845.61,3873.7,3838.42,-0.0070130681656798
2020-05-28,3848.49,3856.63,3885.42,3818.43,0.0028656051965747
2020-05-29,3838.38,3867.02,3872.3,3830.42,0.0026940619141582
2020-06-01,3901.73,3971.34,3976.32,3901.73,0.0269768452193162
2020-06-02,3969.95,3983.57,3991.78,3958.98,0.0030795650838255
2020-06-03,4001.17,3983.65,4018.68,3982.93,2.00824888227924e-05
2020-06-04,3998.16,3982.19,3999.81,3968.57,-0.0003664980608236
2020-06-05,3988.22,4001.25,4001.25,3967.93,0.0047863110499499
2020-06-08,4023.61,4021.95,4050.22,4016.1,0.0051733833177132
2020-06-09,4027.56,4047.03,4052.16,4016.34,0.0062357811509343
2020-06-10,4046.23,4039.71,4046.23,4024.42,-0.001808733812203
2020-06-11,4031.74,3995.88,4043.01,3979.75,-0.0108497887224577
2020-06-12,3931.62,4003.08,4011.06,3927.25,0.0018018559115888
2020-06-15,3982.97,3954.99,4007.14,3954.99,-0.0120132497976558
2020-06-16,3995.58,4014.57,4014.57,3987.86,0.0150645134374549
2020-06-17,4018.61,4017.59,4018.61,3992.13,0.0007522598933384
2020-06-18,4009.78,4044.38,4047.56,4000.9,0.0066681766929925
2020-06-19,4047.05,4098.71,4109.36,4043.49,0.0134334558078124
2020-06-22,4097.51,4102.05,4126.94,4088.78,0.0008148905387304
2020-06-23,4098.04,4121.79,4124.73,4080.75,0.0048122280323252
2020-06-24,4128.1,4138.99,4144.68,4123.36,0.0041729442790632
2020-06-29,4127.93,4109.72,4137.37,4092.54,-0.0070717735486192
2020-06-30,4130.0,4163.96,4174.42,4129.78,0.013197979424389
2020-07-01,4172.64,4247.78,4247.78,4163.5,0.0201298763676884
2020-07-02,4239.41,4335.84,4340.1,4238.12,0.0207308288094016
2020-07-03,4353.19,4419.6,4419.6,4348.45,0.0193180560168273
2020-07-06,4465.81,4670.09,4678.11,4465.81,0.0566770748484024
2020-07-07,4739.61,4698.13,4796.32,4688.06,0.0060041669432495
2020-07-08,4692.86,4774.0,4803.36,4670.65,0.0161489784233301
2020-07-09,4770.08,4840.77,4854.12,4757.29,0.0139861751152075
2020-07-10,4796.09,4753.13,4821.37,4734.47,-0.0181045577459785
2020-07-13,4742.37,4852.96,4878.08,4741.87,0.0210030022322131
2020-07-14,4836.17,4806.69,4860.44,4729.93,-0.0095343872605585
2020-07-15,4821.52,4744.47,4837.48,4723.36,-0.0129444586607414
2020-07-16,4741.53,4516.25,4772.56,4513.65,-0.0481023170132808
2020-07-17,4524.77,4544.7,4601.37,4485.82,0.0062994741212287
2020-07-20,4597.2,4680.3,4681.94,4534.23,0.029836952934187
2020-07-21,4697.5,4691.04,4714.29,4661.44,0.0022947246971347
2020-07-22,4682.66,4714.45,4790.45,4675.35,0.0049903646099798
2020-07-23,4668.74,4712.44,4731.4,4607.66,-0.0004263487787546
2020-07-24,4679.03,4505.59,4691.7,4479.39,-0.0438944580726756
2020-07-27,4535.01,4528.45,4558.12,4482.44,0.0050736973404148
2020-07-28,4567.67,4568.26,4590.25,4537.68,0.0087910874581811
2020-07-29,4559.16,4679.01,4680.56,4548.85,0.0242433661831857
2020-07-30,4689.76,4656.15,4704.63,4649.77,-0.0048856488872647
2020-07-31,4652.18,4695.05,4741.81,4621.96,0.0083545418425095
2020-08-03,4735.9,4771.31,4771.37,4720.02,0.0162426385235514
2020-08-04,4778.49,4775.8,4807.08,4747.77,0.000941041349231
2020-08-05,4761.76,4777.11,4786.7,4711.27,0.0002742995937852
2020-08-06,4779.24,4762.76,4791.86,4691.16,-0.0030039082206605
2020-08-07,4742.29,4707.93,4749.02,4637.84,-0.0115122324030604
2020-08-10,4681.76,4724.87,4757.66,4646.29,0.003598184340039
2020-08-11,4730.37,4681.78,4791.53,4674.86,-0.0091198276354693
2020-08-12,4668.89,4647.64,4681.62,4566.27,-0.0072920983044909
2020-08-13,4666.49,4635.71,4671.77,4626.1,-0.0025668941656411
2020-08-14,4627.61,4704.63,4708.07,4617.63,0.0148671940220592
2020-08-17,4727.12,4815.23,4838.09,4721.36,0.0235087562677616
2020-08-18,4816.57,4812.76,4825.39,4788.83,-0.0005129557674294
2020-08-19,4804.67,4740.68,4809.05,4738.01,-0.0149768531985804
2020-08-20,4708.13,4679.15,4721.44,4662.8,-0.0129791506703681
2020-08-21,4717.79,4718.84,4739.48,4684.81,0.0084823098212283
2020-08-24,4746.4,4755.85,4769.47,4716.61,0.0078430292190454
2020-08-25,4769.21,4761.95,4802.41,4746.31,0.001282630865145
2020-08-26,4761.72,4706.13,4786.42,4689.88,-0.0117220886401578
2020-08-27,4718.06,4731.35,4731.94,4679.36,0.0053589679843097
2020-08-28,4727.29,4844.27,4850.49,4719.35,0.0238663383600874
2020-08-31,4870.93,4816.22,4901.21,4816.21,-0.0057903461202617
2020-09-01,4803.39,4842.12,4842.14,4791.78,0.0053776613194578
2020-09-02,4859.08,4843.89,4863.55,4797.52,0.0003655423657407
2020-09-03,4841.5,4817.1,4877.01,4800.06,-0.0055306788552176
2020-09-04,4737.24,4770.22,4778.2,4726.56,-0.009731996429387
2020-09-07,4759.52,4669.37,4789.3,4655.56,-0.0211415825685189
2020-09-08,4683.83,4694.39,4707.9,4639.05,0.0053583245705524
2020-09-09,4634.25,4584.59,4645.2,4558.03,-0.0233896203766623
2020-09-10,4632.1,4581.98,4647.75,4572.21,-0.0005692984541694
2020-09-11,4572.26,4627.28,4630.88,4563.11,0.0098865555938698
2020-09-14,4652.05,4651.05,4666.99,4625.99,0.0051369270932384
2020-09-15,4649.45,4688.48,4691.5,4630.54,0.0080476451553948
2020-09-16,4683.01,4657.36,4690.68,4638.46,-0.0066375456437907
2020-09-17,4642.05,4632.71,4664.95,4601.64,-0.0052926980091725
2020-09-18,4636.64,4737.09,4737.8,4631.7,0.0225310887148126
2020-09-21,4750.75,4691.43,4752.98,4688.72,-0.0096388289012874
2020-09-22,4654.22,4635.76,4706.21,4622.11,-0.011866317945701
2020-09-23,4639.66,4652.33,4665.96,4623.55,0.0035743869397897
2020-09-24,4623.95,4563.07,4631.95,4562.21,-0.0191860852519061
2020-09-25,4582.48,4570.02,4599.54,4554.72,0.0015230973883813
2020-09-28,4582.65,4581.91,4613.63,4571.15,0.0026017391608788
2020-09-29,4608.29,4591.8,4616.68,4586.35,0.0021584884906076
2020-09-30,4607.58,4587.4,4634.72,4563.41,-0.0009582298880614
2020-10-09,4663.61,4681.14,4695.4,4655.09,0.0204342328988098
2020-10-12,4705.19,4823.16,4823.27,4704.16,0.0303387636344991
2020-10-13,4812.9,4839.2,4845.92,4795.37,0.0033256205475249
2020-10-14,4830.46,4807.1,4830.46,4795.91,-0.0066333278227804
2020-10-15,4810.78,4798.74,4833.89,4796.26,-0.0017390942564124
2020-10-16,4798.92,4791.68,4825.55,4765.97,-0.0014712195284594
2020-10-19,4823.49,4755.49,4849.6,4747.34,-0.0075526746360359
2020-10-20,4751.37,4793.47,4793.47,4739.46,0.0079865586932157
2020-10-21,4801.63,4792.83,4801.63,4758.86,-0.0001335149693229
2020-10-22,4780.6,4777.98,4791.81,4725.5,-0.0030983782024399
2020-10-23,4775.47,4718.49,4802.46,4717.1,-0.0124508683585949
2020-10-26,4684.05,4691.24,4713.39,4639.3,-0.0057751526441721
2020-10-27,4680.14,4699.28,4708.46,4671.85,0.001713832590104
2020-10-28,4703.0,4737.27,4753.31,4685.6,0.0080842171566708
2020-10-29,4683.61,4772.92,4803.03,4679.25,0.0075254313138157
2020-10-30,4776.47,4695.33,4778.51,4683.47,-0.0162562959362403
2020-11-02,4702.75,4720.83,4738.02,4695.44,0.0054309281775721
2020-11-03,4743.17,4777.56,4793.4,4734.17,0.0120169546456874
2020-11-04,4781.45,4813.66,4825.46,4770.56,0.0075561583737304
2020-11-05,4861.34,4885.11,4885.11,4838.0,0.014843175463161
2020-11-06,4897.63,4885.72,4897.63,4845.43,0.0001248692455237
2020-11-09,4918.86,4981.35,4997.8,4918.86,0.0195733689200363
2020-11-10,4995.41,4953.88,4995.41,4928.93,-0.0055145693436519
2020-11-11,4937.76,4904.9,4957.58,4901.71,-0.0098871995284505
2020-11-12,4916.77,4908.46,4926.34,4891.51,0.0007258048074374
2020-11-13,4886.98,4856.85,4886.98,4825.76,-0.0105144994560411
2020-11-16,4880.96,4904.17,4904.17,4848.62,0.0097429403831701
2020-11-17,4903.12,4894.79,4909.29,4865.39,-0.0019126580032911
2020-11-18,4889.67,4891.67,4911.09,4870.72,-0.0006374124324025
2020-11-19,4880.92,4927.99,4939.79,4870.2,0.0074248671721517
2020-11-20,4928.22,4943.29,4947.43,4922.59,0.0031047140923581
2020-11-23,4954.6,5005.03,5029.65,4940.45,0.0124896576976061
2020-11-24,4997.05,4974.29,5001.06,4960.98,-0.0061418213277442
2020-11-25,4992.75,4910.7,5004.77,4910.7,-0.0127837339600224
2020-11-26,4908.32,4919.59,4925.29,4867.82,0.0018103325391491
2020-11-27,4930.59,4980.77,4980.77,4917.35,0.012435995682567
2020-11-30,4994.11,4960.25,5055.19,4960.25,-0.0041198449235761
2020-12-01,4963.13,5067.1,5072.55,4963.13,0.0215412529610403
2020-12-02,5072.98,5067.14,5090.61,5043.31,7.89406169210416e-06
2020-12-03,5065.45,5057.06,5072.3,5033.79,-0.0019892878428462
2020-12-04,5049.52,5065.92,5072.39,5017.85,0.0017520061063147
2020-12-07,5065.73,5022.24,5067.87,5014.61,-0.0086223232897479
2020-12-08,5029.11,5009.88,5043.06,4998.92,-0.0024610532352097
2020-12-09,5022.38,4942.7,5033.64,4942.52,-0.0134095028224229
2020-12-10,4931.29,4940.52,4962.74,4919.77,-0.000441054484391
2020-12-11,4957.82,4889.63,4957.82,4849.35,-0.0103005351663388
2020-12-14,4903.63,4934.84,4937.26,4887.66,0.0092460983755418
2020-12-15,4931.6,4945.1,4954.19,4904.79,0.0020790947629507
2020-12-16,4957.3,4953.87,4968.86,4938.19,0.0017734727305815
2020-12-17,4960.73,5017.48,5021.62,4950.37,0.0128404661406131
2020-12-18,5014.32,4999.97,5027.44,4979.01,-0.003489799660387
2020-12-21,4995.76,5046.84,5048.51,4970.0,0.0093740562443374
2020-12-22,5034.98,4964.77,5055.13,4960.95,-0.0162616607619816
2020-12-23,4977.3,5007.12,5028.45,4968.15,0.0085301031064881
2020-12-24,5006.01,5000.02,5033.04,4979.24,-0.0014179807953472
2020-12-25,4985.77,5042.01,5042.1,4973.68,0.0083979664081343
2020-12-28,5042.94,5064.41,5089.34,5037.86,0.0044426726642747
2020-12-29,5071.45,5042.94,5077.42,5034.31,-0.0042393882011922
2020-12-30,5037.98,5113.71,5113.71,5036.63,0.0140334804697261
2020-12-31,5122.48,5211.29,5215.62,5122.48,0.0190820363297878
2021-01-04,5212.93,5267.72,5284.43,5190.94,0.0108284129265499
2021-01-05,5245.84,5368.5,5368.5,5234.38,0.0191316167146318
2021-01-06,5386.51,5417.67,5433.47,5341.43,0.0091589829561329
2021-01-07,5428.39,5513.66,5513.66,5413.35,0.0177179488599341
2021-01-08,5526.29,5495.43,5547.47,5442.69,-0.0033063337238784
2021-01-11,5504.24,5441.16,5555.69,5412.5,-0.0098754783520125
2021-01-12,5419.5,5596.35,5596.35,5417.63,0.0285214917407319
2021-01-13,5609.26,5577.97,5644.72,5535.14,-0.0032842835062139
2021-01-14,5556.21,5470.46,5568.02,5458.68,-0.019274036970439
2021-01-15,5471.39,5458.08,5500.63,5390.27,-0.0022630638008503
2021-01-18,5438.16,5518.52,5541.46,5410.78,0.0110734910444698
2021-01-19,5525.97,5437.52,5532.48,5415.72,-0.0146778484086312
2021-01-20,5439.91,5476.43,5496.05,5426.54,0.00715583574865
2021-01-21,5492.96,5564.97,5593.11,5490.56,0.0161674667621058
2021-01-22,5562.38,5569.78,5573.66,5513.88,0.0008643352974049
2021-01-25,5564.12,5625.92,5655.48,5543.27,0.0100793927228723
2021-01-26,5600.9,5512.97,5600.9,5506.0,-0.0200767163415049
2021-01-27,5505.77,5528.0,5534.99,5449.64,0.0027262981659612
2021-01-28,5450.37,5377.14,5462.24,5360.38,-0.0272901591895802
2021-01-29,5413.97,5351.96,5430.2,5288.1,-0.004682786760248
2021-02-01,5356.85,5417.65,5422.3,5342.05,0.0122740080269656
2021-02-02,5429.7,5501.09,5503.21,5411.52,0.0154015117255636
2021-02-03,5499.3,5485.2,5532.89,5473.12,-0.0028885184572512
2021-02-04,5453.98,5473.95,5510.05,5411.57,-0.0020509735287683
2021-02-05,5494.7,5483.41,5550.77,5477.65,0.0017281853140784
2021-02-08,5506.14,5564.56,5576.49,5479.85,0.014799185178566
2021-02-09,5584.17,5686.25,5686.25,5555.05,0.0218687551216987
2021-02-10,5709.68,5807.72,5823.42,5707.33,0.0213620575950759
2021-02-18,5922.07,5768.38,5930.91,5747.66,-0.0067737425357972
2021-02-19,5734.02,5778.84,5787.89,5667.32,0.0018133340729979
2021-02-22,5785.51,5597.33,5785.51,5597.33,-0.0314094178070339
2021-02-23,5542.68,5579.67,5644.76,5541.11,-0.0031550757236039
2021-02-24,5591.48,5437.57,5598.83,5379.73,-0.0254674559606572
2021-02-25,5494.47,5469.56,5527.63,5444.16,0.0058831426537957
2021-02-26,5343.9,5336.76,5416.32,5318.86,-0.0242798323813981
2021-03-01,5389.25,5418.78,5421.56,5345.94,0.0153688754974927
2021-03-02,5453.28,5349.63,5454.97,5305.05,-0.0127611750246364
2021-03-03,5327.35,5452.21,5452.4,5316.48,0.0191751579081169
2021-03-04,5388.48,5280.71,5392.37,5254.78,-0.0314551347068436
2021-03-05,5191.97,5262.8,5307.82,5174.25,-0.0033915893885481
2021-03-08,5299.79,5080.02,5326.26,5079.8,-0.0347305616781941
2021-03-09,5066.15,4971.0,5094.31,4917.91,-0.0214605454309235
2021-03-10,5047.06,5003.61,5055.28,4981.62,0.0065600482800241
2021-03-11,5024.56,5128.22,5138.41,5020.58,0.0249040192980669
2021-03-12,5153.67,5146.38,5153.67,5086.82,0.0035411897305497
2021-03-15,5116.12,5035.54,5120.88,4992.4,-0.0215374690559189
2021-03-16,5054.41,5079.36,5084.31,5009.95,0.0087021451522577
2021-03-17,5062.77,5100.86,5123.55,5020.13,0.0042328167328167
2021-03-18,5114.59,5141.77,5160.46,5111.13,0.0080202161988371
2021-03-19,5068.53,5007.09,5089.92,4980.76,-0.0261933147534798
2021-03-22,5008.4,5057.15,5071.34,4996.54,0.0099978230868627
2021-03-23,5057.06,5009.25,5064.02,4966.53,-0.0094717380342682
2021-03-24,4985.4,4928.69,5024.33,4919.89,-0.0160822478414933
2021-03-25,4904.07,4926.35,4950.76,4883.66,-0.000474771186664
2021-03-26,4953.95,5037.99,5050.83,4953.95,0.0226618084382959
2021-03-29,5052.26,5046.88,5086.65,5010.39,0.0017645926252336
2021-03-30,5043.1,5094.73,5106.04,5032.8,0.0094811051580381
2021-03-31,5085.95,5048.36,5085.95,5015.61,-0.0091015618099487
2021-04-01,5059.94,5110.78,5115.43,5056.87,0.0123644114128151
2021-04-02,5129.85,5161.56,5169.83,5116.35,0.0099358610623037
2021-04-06,5178.64,5140.34,5181.15,5125.33,-0.00411116019188
2021-04-07,5141.66,5103.74,5141.66,5065.19,-0.0071201515853037
2021-04-08,5078.26,5112.21,5129.13,5062.07,0.0016595672977073
2021-04-09,5100.04,5035.34,5100.04,5022.09,-0.0150365497504992
2021-04-12,5026.98,4947.75,5045.6,4933.01,-0.0173950517740609
2021-04-13,4949.81,4939.64,4994.54,4924.2,-0.0016391288969732
2021-04-14,4945.69,4980.63,4987.12,4940.27,0.008298175575548
2021-04-15,4969.91,4948.97,4969.91,4900.3,-0.0063566255674483
2021-04-16,4966.9,4966.18,4979.17,4917.96,0.0034774912759625
2021-04-19,4966.41,5087.02,5088.21,4940.75,0.0243325856090597
2021-04-20,5065.78,5083.37,5119.86,5058.92,-0.0007175124139477
2021-04-21,5055.24,5098.74,5110.56,5047.99,0.0030235847479131
2021-04-22,5114.28,5089.24,5119.22,5067.14,-0.0018632054193781
2021-04-23,5088.83,5135.45,5149.98,5086.49,0.0090799412092965
2021-04-26,5156.59,5077.24,5181.11,5072.96,-0.011334936568363
2021-04-27,5076.64,5090.52,5095.98,5042.61,0.0026155942992651
2021-04-28,5073.97,5119.24,5119.45,5059.26,0.0056418597707108
2021-04-29,5128.28,5164.17,5170.59,5113.65,0.0087766934154289
2021-04-30,5156.36,5123.49,5163.25,5094.93,-0.0078773549282847
2021-05-06,5098.8,5061.12,5132.9,5037.41,-0.012173342780019
2021-05-07,5073.46,4996.05,5093.75,4996.04,-0.0128568380121395
2021-05-10,5001.44,4992.42,5019.39,4953.7,-0.0007265739934548
2021-05-11,4956.08,5023.06,5033.49,4925.92,0.0061373041530961
2021-05-12,5003.82,5044.55,5051.17,4995.4,0.004278268625101
2021-05-13,4992.35,4992.97,5022.08,4975.45,-0.01022489617508
2021-05-14,5007.63,5110.59,5112.98,4981.29,0.0235571213125653
2021-05-17,5115.31,5184.99,5206.69,5115.31,0.0145580060227878
2021-05-18,5190.93,5187.6,5201.67,5156.79,0.0005033760913715
2021-05-19,5173.17,5172.27,5193.56,5151.64,-0.0029551237566504
2021-05-20,5167.05,5186.41,5201.59,5152.04,0.0027338093332327
2021-05-21,5199.13,5134.15,5216.16,5123.12,-0.0100763341116495
2021-05-24,5138.81,5155.59,5155.59,5092.39,0.0041759590195067
2021-05-25,5165.04,5318.48,5324.36,5161.52,0.031594832017286
2021-05-26,5326.12,5320.59,5344.28,5308.74,0.0003967298927514
2021-05-27,5311.37,5338.23,5378.48,5286.05,0.0033154217859296
2021-05-28,5338.73,5321.09,5360.28,5288.65,-0.003210802082338
2021-05-31,5318.08,5331.57,5331.63,5281.69,0.0019695212822936
2021-06-01,5320.47,5341.68,5343.75,5269.26,0.0018962519483005
2021-06-02,5348.34,5289.97,5352.64,5266.79,-0.0096804750565365
2021-06-03,5285.71,5255.29,5314.37,5255.07,-0.0065558027739288
2021-06-04,5228.28,5282.28,5334.49,5221.23,0.0051357774737454
2021-06-07,5284.89,5277.63,5286.84,5242.95,-0.0008803016879074
2021-06-08,5276.97,5232.12,5319.04,5201.14,-0.0086231888177079
2021-06-09,5224.95,5236.45,5253.36,5215.35,0.0008275804071771
2021-06-10,5236.47,5271.47,5299.53,5229.52,0.0066877369210056
2021-06-11,5275.75,5224.7,5276.1,5213.6,-0.0088722879955687
2021-06-15,5218.56,5166.56,5225.5,5137.41,-0.0111279116504295
2021-06-16,5163.25,5080.49,5164.52,5076.02,-0.016659053606268
2021-06-17,5074.38,5101.89,5123.37,5073.82,0.004212192131074
2021-06-18,5104.93,5102.47,5128.03,5064.92,0.0001136833604802
2021-06-21,5088.09,5090.39,5123.78,5058.57,-0.002367480847511
2021-06-22,5106.07,5122.16,5125.82,5086.28,0.0062411720909398
2021-06-23,5127.19,5147.39,5171.03,5109.76,0.0049256563637216
2021-06-24,5156.56,5155.97,5160.43,5120.58,0.0016668641777677
2021-06-25,5159.8,5239.97,5251.61,5157.48,0.0162917937846807
2021-06-28,5253.61,5251.76,5260.64,5226.22,0.002250012881753
2021-06-29,5248.52,5190.54,5248.52,5182.68,-0.0116570444955595
2021-06-30,5189.38,5224.04,5231.43,5186.63,0.006454049097011
2021-07-01,5241.2,5229.66,5252.26,5190.88,0.0010757957442897
2021-07-02,5186.66,5081.12,5186.66,5074.36,-0.0284033761277023
2021-07-05,5073.78,5085.79,5098.23,5048.0,0.0009190887048524
2021-07-06,5089.78,5083.1,5092.21,5028.51,-0.0005289247098286
2021-07-07,5052.42,5140.49,5152.77,5045.41,0.0112903543113453
2021-07-08,5149.31,5088.26,5151.22,5078.93,-0.0101605099902927
2021-07-09,5063.15,5069.44,5081.41,5006.41,-0.0036987103646434
2021-07-12,5108.38,5132.71,5159.41,5070.32,0.0124806684762026
2021-07-13,5128.61,5142.1,5154.05,5114.94,0.0018294429258618
2021-07-14,5130.75,5083.08,5130.75,5075.13,-0.0114778008984657
2021-07-15,5073.26,5151.46,5153.81,5067.68,0.0134524736970498
2021-07-16,5140.9,5094.77,5140.9,5090.63,-0.0110046472262231
2021-07-19,5083.73,5113.49,5120.82,5047.62,0.0036743562516068
2021-07-20,5080.22,5108.99,5114.0,5067.86,-0.0008800251882764
2021-07-21,5122.78,5144.04,5160.54,5122.3,0.0068604557848028
2021-07-22,5150.39,5151.75,5171.21,5137.88,0.001498821937621
2021-07-23,5145.43,5089.23,5145.43,5080.0,-0.0121356820497889
2021-07-26,5067.31,4925.3,5067.31,4859.6,-0.0322111596449756
2021-07-27,4924.28,4751.31,4940.86,4749.03,-0.0353257669583578
2021-07-28,4714.29,4760.48,4785.66,4663.9,0.0019299940437478
2021-07-29,4845.76,4850.27,4857.97,4800.01,0.0188615433737775
2021-07-30,4825.7,4811.17,4825.7,4761.04,-0.0080614068907505
2021-08-02,4794.82,4933.74,4938.82,4761.46,0.0254761315854563
2021-08-03,4909.23,4934.46,4957.03,4890.85,0.0001459339162583
2021-08-04,4927.74,4978.85,4979.29,4919.66,0.0089959184996939
2021-08-05,4946.17,4948.67,4997.14,4921.94,-0.0060616407403316
2021-08-06,4943.04,4921.56,4944.35,4891.8,-0.0054782396078137
2021-08-09,4890.26,4985.56,5002.89,4884.04,0.0130040068596135
2021-08-10,4977.82,5043.15,5043.76,4941.24,0.011551360328629
2021-08-11,5037.08,5015.34,5059.79,5009.98,-0.0055144106362093
2021-08-12,4998.07,4973.35,5016.26,4962.98,-0.0083723137414412
2021-08-13,4958.76,4945.98,4993.74,4921.28,-0.0055033327636303
2021-08-16,4935.92,4941.07,4973.38,4931.37,-0.0009927254052786
2021-08-17,4935.0,4837.4,4967.56,4823.39,-0.0209812854300789
2021-08-18,4838.47,4894.24,4909.54,4818.9,0.0117501136974407
2021-08-19,4886.56,4862.14,4893.47,4839.57,-0.0065587302625125
2021-08-20,4817.49,4769.27,4835.15,4720.83,-0.019100642926777
2021-08-23,4777.73,4835.88,4843.82,4764.01,0.0139664980175162
2021-08-24,4844.59,4888.39,4906.2,4842.75,0.0108584166687346
2021-08-25,4890.52,4898.16,4899.77,4865.76,0.0019986130402851
2021-08-26,4892.2,4801.61,4892.2,4798.7,-0.0197114834958433
2021-08-27,4794.97,4827.04,4863.47,4793.59,0.0052961402529567
2021-08-30,4847.03,4813.27,4849.16,4787.2,-0.0028526799032118
2021-08-31,4803.09,4805.61,4821.76,4740.75,-0.0015914336822993
2021-09-01,4804.69,4869.46,4906.4,4763.3,0.0132865546725597
2021-09-02,4865.82,4869.41,4892.7,4845.62,-1.026807900672555e-05
2021-09-03,4875.07,4843.06,4886.55,4828.7,-0.0054113332005313
2021-09-06,4841.06,4933.73,4944.45,4837.79,0.01872163466899
2021-09-07,4932.98,4992.83,5005.96,4915.61,0.0119787665721473
2021-09-08,4986.8,4972.13,5013.98,4955.89,-0.0041459452855394
2021-09-09,4952.49,4970.01,4970.15,4929.95,-0.0004263766232982
2021-09-10,4967.98,5013.52,5042.8,4962.37,0.0087545095482706
2021-09-13,5006.77,4991.66,5029.72,4964.96,-0.0043602099921812
2021-09-14,4989.83,4917.16,5000.98,4907.32,-0.0149248947244002
2021-09-15,4903.85,4867.32,4903.85,4843.12,-0.0101359321234208
2021-09-16,4866.79,4807.7,4879.53,4806.14,-0.0122490405397631
2021-09-17,4797.11,4855.94,4857.96,4786.09,0.0100339039457535
2021-09-22,4770.73,4821.77,4830.85,4765.23,-0.0070367426286155
2021-09-23,4848.22,4853.2,4877.34,4837.56,0.0065183532188386
2021-09-24,4845.64,4849.43,4897.06,4838.54,-0.0007768070551388
2021-09-27,4870.85,4877.37,4922.56,4852.2,0.0057615018672296
2021-09-28,4869.08,4883.83,4901.31,4846.63,0.0013244843019906
2021-09-29,4846.02,4833.93,4868.07,4799.88,-0.0102173908592231
2021-09-30,4843.95,4866.38,4876.07,4843.95,0.0067129643995671
2021-10-08,4915.73,4929.94,4937.09,4891.62,0.0130610433217297
2021-10-11,4941.29,4936.19,4983.73,4930.71,0.001267763907877
2021-10-12,4920.66,4883.84,4925.49,4840.77,-0.0106053454182273
2021-10-13,4880.14,4940.11,4953.37,4869.83,0.0115216714716288
2021-10-14,4934.26,4913.61,4953.92,4903.25,-0.0053642530227059
2021-10-15,4896.56,4932.11,4939.82,4881.01,0.0037650525784505
2021-10-18,4922.51,4874.78,4922.51,4844.94,-0.011623828341217
2021-10-19,4869.39,4922.72,4928.14,4868.81,0.0098342899577008
2021-10-20,4926.77,4910.18,4944.02,4898.37,-0.0025473721844834
2021-10-21,4914.74,4928.02,4946.18,4893.85,0.003633268026834
2021-10-22,4934.87,4959.73,4989.89,4934.87,0.0064346329763269
2021-10-25,4940.9,4979.52,4981.65,4930.11,0.0039901365598531
2021-10-26,4983.24,4963.1,5002.57,4953.48,-0.0032975065869802
2021-10-27,4949.23,4898.16,4949.23,4884.94,-0.0130845640829321
2021-10-28,4882.59,4864.14,4898.66,4846.28,-0.0069454652359252
2021-10-29,4861.27,4908.77,4908.77,4855.76,0.0091753115658677
2021-11-01,4878.13,4890.69,4908.21,4858.25,-0.0036832037353554
2021-11-02,4886.18,4839.85,4911.23,4797.9,-0.0103952612003621
2021-11-03,4835.81,4821.11,4858.71,4804.37,-0.0038720208270919
2021-11-04,4841.09,4868.74,4873.94,4834.74,0.0098794675914883
2021-11-05,4858.9,4842.35,4889.68,4841.74,-0.005420293546174
2021-11-08,4841.15,4848.18,4866.08,4827.69,0.0012039608867595
2021-11-09,4858.25,4846.74,4870.79,4818.54,-0.0002970186750492
2021-11-10,4832.8,4821.19,4832.8,4754.0,-0.0052715846115121
2021-11-11,4814.77,4898.65,4898.65,4809.11,0.016066572775601
2021-11-12,4902.93,4888.37,4909.08,4875.35,-0.0020985373521276
2021-11-15,4894.41,4882.38,4906.33,4863.4,-0.0012253573276981
2021-11-16,4880.9,4883.32,4915.37,4876.5,0.0001925290534534
2021-11-17,4883.25,4885.75,4891.52,4864.52,0.00049761228017
2021-11-18,4871.42,4837.62,4871.42,4830.41,-0.009851097579696
2021-11-19,4832.06,4890.06,4892.81,4829.57,0.0108400411772733
2021-11-22,4895.39,4912.4,4919.0,4893.27,0.0045684511028492
2021-11-23,4905.76,4913.35,4927.52,4896.88,0.0001933881605733
2021-11-24,4914.03,4916.66,4935.49,4899.61,0.0006736747840068
2021-11-25,4917.61,4896.44,4921.33,4891.73,-0.0041125479492175
2021-11-26,4886.95,4860.13,4886.95,4850.81,-0.0074155917360366
2021-11-29,4820.01,4851.42,4858.53,4818.71,-0.0017921331322413
2021-11-30,4857.18,4832.03,4871.25,4810.22,-0.0039967679565983
2021-12-01,4831.89,4843.85,4844.52,4823.93,0.0024461768656238
2021-12-02,4839.91,4856.16,4866.85,4830.32,0.0025413668879092
2021-12-03,4856.98,4901.02,4901.02,4853.35,0.0092377516391553
2021-12-06,4909.43,4892.62,4943.9,4888.69,-0.0017139289372417
2021-12-07,4930.83,4922.1,4934.1,4895.22,0.0060254015231104
2021-12-08,4934.41,4995.93,4995.93,4915.79,0.0149996952520266
2021-12-09,5000.69,5078.69,5114.5,4999.41,0.0165654843042235
2021-12-10,5046.27,5055.12,5060.06,5035.81,-0.0046409605626647
2021-12-13,5090.02,5083.8,5143.84,5079.73,0.0056734558230071
2021-12-14,5066.35,5049.7,5075.21,5038.86,-0.0067075809433888
2021-12-15,5036.28,5005.9,5060.37,5003.78,-0.0086737826009466
2021-12-16,5006.61,5034.73,5034.73,4987.22,0.0057592041391159
2021-12-17,5021.34,4954.76,5022.11,4954.76,-0.0158836720141892
2021-12-20,4934.97,4880.42,4971.67,4872.68,-0.0150037539658833
2021-12-21,4876.51,4913.49,4917.8,4872.95,0.006776056159101
2021-12-22,4924.58,4914.45,4936.67,4903.17,0.0001953804729428
2021-12-23,4924.29,4948.74,4948.74,4906.75,0.0069773830235326
2021-12-24,4953.06,4921.34,4964.91,4905.98,-0.0055367628931808
2021-12-27,4918.15,4919.32,4939.69,4894.16,-0.0004104573144713
2021-12-28,4923.69,4955.96,4959.14,4913.6,0.0074481838953353
2021-12-29,4958.65,4883.48,4958.65,4883.48,-0.0146248153738126
2021-12-30,4882.16,4921.51,4940.18,4878.65,0.0077874794204133
2021-12-31,4937.46,4940.37,4950.36,4923.14,0.0038321572037849
2022-01-04,4957.98,4917.77,4961.45,4874.53,-0.0045745561567249
2022-01-05,4907.93,4868.12,4916.28,4851.98,-0.0100960394650422
2022-01-06,4842.16,4818.23,4857.56,4786.43,-0.010248309408971
2022-01-07,4824.32,4822.37,4856.65,4818.19,0.0008592366906521
2022-01-10,4812.23,4844.05,4844.39,4780.82,0.0044957147626583
2022-01-11,4840.01,4797.77,4850.88,4791.89,-0.0095539889142349
2022-01-12,4818.89,4845.58,4852.73,4810.92,0.0099650462610754
2022-01-13,4853.03,4765.92,4853.06,4765.24,-0.016439724449911
2022-01-14,4743.91,4726.73,4764.05,4723.94,-0.008222966394736
2022-01-17,4728.76,4767.28,4775.24,4726.71,0.0085788695355986
2022-01-18,4766.78,4813.35,4826.3,4747.92,0.0096637915121411
2022-01-19,4815.81,4780.38,4828.75,4755.93,-0.0068496992738945
2022-01-20,4778.26,4823.51,4845.0,4777.57,0.0090222952987
2022-01-21,4808.77,4779.31,4818.31,4762.56,-0.0091634515114511
2022-01-24,4753.94,4786.74,4801.1,4746.45,0.0015546177167833
2022-01-25,4761.95,4678.45,4781.39,4678.25,-0.0226229124623439
2022-01-26,4697.1,4712.31,4718.99,4648.13,0.0072374397503447
2022-01-27,4708.1,4619.88,4708.44,4616.03,-0.0196145839301744
2022-01-28,4641.81,4563.77,4660.52,4559.83,-0.0121453371083231
2022-02-07,4638.58,4634.09,4672.65,4615.01,0.0154083137406135
2022-02-08,4626.44,4608.77,4626.44,4522.47,-0.005463855902669
2022-02-09,4608.15,4652.06,4659.46,4595.28,0.0093929616795804
2022-02-10,4657.21,4639.86,4657.21,4608.09,-0.0026224941208842
2022-02-11,4617.87,4601.4,4662.6,4595.88,-0.0082890432038897
2022-02-14,4579.42,4551.69,4593.63,4530.06,-0.0108032337984091
2022-02-15,4553.81,4600.1,4601.45,4550.54,0.0106356100701059
2022-02-16,4619.85,4617.99,4643.1,4607.22,0.0038890458903066
2022-02-17,4616.9,4629.16,4650.16,4606.95,0.0024188012533592
2022-02-18,4604.57,4651.24,4651.34,4598.1,0.0047697638448445
2022-02-21,4646.05,4634.31,4646.67,4613.3,-0.0036398895778329
2022-02-22,4601.92,4574.15,4602.07,4550.8,-0.0129814362871713
2022-02-23,4582.01,4623.05,4625.3,4579.29,0.0106905108052863
2022-02-24,4592.07,4529.32,4610.88,4488.48,-0.0202744941110306
2022-02-25,4564.63,4573.42,4611.86,4561.9,0.0097365608965585
2022-02-28,4563.74,4581.65,4581.65,4530.68,0.001799528580362
2022-03-01,4597.85,4619.69,4623.43,4583.92,0.0083026857136621
2022-03-02,4594.02,4578.6,4594.02,4558.44,-0.0088945362134686
2022-03-03,4595.02,4551.63,4599.4,4544.43,-0.005890446861486
2022-03-04,4513.36,4496.43,4539.39,4481.49,-0.0121275235465097
2022-03-07,4462.52,4352.78,4462.52,4338.3,-0.0319475672922742
2022-03-08,4361.64,4265.39,4383.65,4252.54,-0.020076824466203
2022-03-09,4280.98,4226.35,4304.48,4068.19,-0.0091527386710241
2022-03-10,4326.2,4292.84,4335.67,4288.51,0.0157322512333337
2022-03-11,4231.2,4306.52,4316.04,4176.45,0.0031867015775104
2022-03-14,4248.15,4174.76,4280.36,4174.76,-0.0305954691955454
2022-03-15,4125.49,3983.81,4163.42,3983.81,-0.045739156262875
2022-03-16,4053.1,4156.08,4168.59,3942.86,0.0432425241163609
2022-03-17,4237.67,4237.7,4302.74,4217.8,0.0196386980038882
2022-03-18,4218.47,4265.9,4283.37,4194.94,0.0066545531774311
2022-03-21,4280.14,4258.75,4287.82,4223.02,-0.0016760824210599
2022-03-22,4252.57,4255.3,4283.33,4236.69,-0.000810096859407
2022-03-23,4269.61,4276.52,4287.58,4241.96,0.0049867224402511
2022-03-24,4249.53,4251.31,4273.96,4216.85,-0.005894980030492
2022-03-25,4249.07,4174.57,4254.84,4173.93,-0.0180509066617114
2022-03-28,4128.84,4148.47,4174.12,4091.3,-0.0062521409390666
2022-03-29,4155.42,4134.14,4177.21,4124.72,-0.0034542855558795
2022-03-30,4162.17,4254.1,4254.1,4160.74,0.0290169176660683
2022-03-31,4234.72,4222.6,4247.36,4214.54,-0.0074046214240379
2022-04-01,4198.82,4276.16,4290.67,4190.08,0.0126841282622081
2022-04-06,4258.83,4263.84,4277.52,4236.73,-0.0028810895756939
2022-04-07,4240.02,4209.1,4278.11,4205.74,-0.0128381928027317
2022-04-08,4213.21,4230.77,4237.81,4175.53,0.0051483690100022
2022-04-11,4203.79,4100.07,4203.79,4089.09,-0.0308927216558689
2022-04-12,4102.97,4179.97,4179.97,4075.8,0.0194874721651094
2022-04-13,4154.41,4139.74,4194.04,4139.74,-0.0096244709890263
2022-04-14,4172.64,4191.57,4217.06,4155.55,0.0125201099585963
2022-04-15,4162.37,4188.75,4211.32,4152.97,-0.000672778934862
2022-04-18,4152.93,4166.38,4171.74,4119.99,-0.005340495374515
2022-04-19,4161.93,4134.9,4186.94,4115.42,-0.0075557198335246
2022-04-20,4130.54,4070.79,4136.17,4060.5,-0.0155046071247187
2022-04-21,4048.73,3995.83,4086.44,3978.37,-0.0184141161789235
2022-04-22,3967.2,4013.25,4037.08,3953.72,0.0043595448254805
2022-04-25,3933.45,3814.91,3958.21,3814.91,-0.0494212919703482
2022-04-26,3822.49,3784.12,3871.85,3773.9,-0.0080709636662463
2022-04-27,3758.08,3895.54,3895.73,3757.09,0.0294440979672949
2022-04-28,3883.42,3921.11,3943.43,3873.58,0.0065639166842081
2022-04-29,3939.62,4016.24,4017.43,3898.57,0.0242609873224672
2022-05-05,3995.35,4010.21,4039.7,3988.93,-0.0015014042985478
2022-05-06,3928.85,3908.82,3947.24,3902.05,-0.0252829652312471
2022-05-09,3883.95,3877.44,3914.11,3854.94,-0.0080279982194114
2022-05-10,3820.63,3919.87,3932.68,3808.57,0.0109427869934801
2022-05-11,3917.93,3976.42,4033.3,3916.52,0.0144264988379716
2022-05-12,3949.95,3958.74,3985.93,3935.59,-0.0044462104103691
2022-05-13,3983.82,3988.6,4003.85,3957.14,0.0075428040235023
2022-05-16,4015.0,3956.54,4018.03,3947.75,-0.008037908037908
2022-05-17,3961.76,4005.89,4005.89,3955.1,0.0124730193552953
2022-05-18,4015.01,3991.91,4017.34,3964.75,-0.0034898611794133
2022-05-19,3938.3,3999.6,3999.6,3933.75,0.0019263961361855
2022-05-20,4020.82,4077.6,4077.6,4020.82,0.0195019501950195
2022-05-23,4080.97,4053.98,4080.97,4029.08,-0.0057926231116343
2022-05-24,4052.87,3959.15,4055.78,3959.15,-0.0233918272907118
2022-05-25,3959.77,3983.18,3983.62,3946.81,0.0060694846115958
2022-05-26,3987.68,3993.04,4015.75,3938.24,0.0024754090952454
2022-05-27,4022.71,4001.3,4051.14,3983.38,0.0020685993628914
2022-05-30,4020.86,4029.02,4040.82,4003.38,0.0069277484817433
2022-05-31,4031.76,4091.52,4096.2,4020.38,0.0155124571235685
2022-06-01,4086.62,4083.18,4094.9,4058.85,-0.0020383622712342
2022-06-02,4064.0,4089.57,4091.15,4057.91,0.0015649567249056
2022-06-06,4090.53,4166.09,4166.62,4063.91,0.0187110136273496
2022-06-07,4165.69,4179.13,4198.09,4155.17,0.0031300331965944
2022-06-08,4187.15,4219.81,4224.81,4158.03,0.009734083409705
2022-06-09,4211.72,4175.67,4227.45,4160.88,-0.010460186596079
2022-06-10,4145.65,4238.99,4241.35,4140.22,0.0151640335562914
2022-06-13,4194.46,4189.35,4218.23,4156.71,-0.0117103366603835
2022-06-14,4143.22,4222.31,4224.09,4102.93,0.007867568954611
2022-06-15,4228.29,4278.22,4348.42,4228.29,0.0132415668200582
2022-06-16,4282.08,4250.06,4302.92,4241.08,-0.0065821766996554
2022-06-17,4219.23,4309.04,4318.77,4218.68,0.0138774511418662
2022-06-20,4322.83,4330.43,4368.36,4297.89,0.0049639826968421
2022-06-21,4327.92,4325.57,4357.34,4287.14,-0.001122290396104
2022-06-22,4331.9,4270.62,4333.18,4269.25,-0.0127035280899395
2022-06-23,4277.96,4343.88,4343.88,4260.9,0.0171544178597018
2022-06-24,4354.55,4394.77,4400.69,4346.12,0.0117153328360821
2022-06-27,4414.33,4444.26,4472.69,4414.33,0.0112611126407069
2022-06-28,4442.58,4490.52,4497.89,4407.35,0.0104089319706768
2022-06-29,4472.73,4421.36,4503.13,4414.0,-0.0154013343666213
2022-06-30,4418.07,4485.01,4515.0,4418.07,0.0143960229431669
2022-07-01,4489.52,4466.72,4500.99,4449.29,-0.0040780288115299
2022-07-04,4447.22,4496.03,4496.03,4427.82,0.0065618619479168
2022-07-05,4505.46,4489.54,4530.32,4439.45,-0.0014434957062118
2022-07-06,4475.48,4423.97,4484.36,4393.42,-0.0146050597611335
2022-07-07,4425.28,4443.47,4457.34,4391.19,0.0044078056587182
2022-07-08,4468.06,4428.78,4479.49,4426.89,-0.0033059748349827
2022-07-11,4406.15,4354.62,4406.15,4330.58,-0.0167450178152899
2022-07-12,4352.65,4313.62,4370.34,4296.62,-0.0094152876714845
2022-07-13,4313.36,4321.46,4341.47,4284.94,0.0018174989915662
2022-07-14,4308.82,4322.07,4352.1,4292.76,0.0001411559982043
2022-07-15,4299.47,4248.53,4344.86,4248.53,-0.0170149951296485
2022-07-18,4262.15,4292.59,4300.78,4217.51,0.0103706458469166
2022-07-19,4288.44,4269.34,4288.44,4238.82,-0.0054163104326292
2022-07-20,4291.28,4283.8,4303.37,4269.97,0.0033869403701742
2022-07-21,4270.36,4236.06,4283.15,4236.05,-0.011144311125636
2022-07-22,4251.79,4238.23,4275.47,4207.31,0.0005122684758949
2022-07-25,4233.93,4212.64,4234.84,4201.92,-0.0060378978960554
2022-07-26,4220.09,4245.98,4259.99,4214.53,0.0079142770329292
2022-07-27,4236.15,4225.04,4242.1,4217.28,-0.0049317236539031
2022-07-28,4242.27,4225.67,4267.92,4223.03,0.0001491110143336
2022-07-29,4226.42,4170.1,4243.51,4160.87,-0.0131505773049006
2022-08-01,4160.65,4188.68,4196.57,4129.45,0.004455528644397
2022-08-02,4144.38,4107.02,4144.38,4071.43,-0.0194954018927203
2022-08-03,4114.83,4066.98,4150.98,4058.18,-0.0097491611923
2022-08-04,4089.44,4101.54,4108.16,4064.66,0.0084977059144624
2022-08-05,4109.63,4156.91,4159.48,4097.86,0.0134998073894194
2022-08-08,4142.11,4148.07,4155.73,4135.08,-0.0021265795987885
2022-08-09,4143.67,4156.29,4161.81,4131.43,0.0019816444756237
2022-08-10,4149.21,4109.74,4160.79,4092.55,-0.0111998922115637
2022-08-11,4130.74,4193.54,4193.81,4116.06,0.0203905843192027
2022-08-12,4185.42,4191.15,4202.47,4175.05,-0.0005699242167716
2022-08-15,4180.0,4185.68,4219.92,4174.3,-0.0013051310499503
2022-08-16,4190.53,4177.84,4208.8,4170.52,-0.0018730528850748
2022-08-17,4182.57,4216.96,4222.79,4155.17,0.0093636903280163
2022-08-18,4205.79,4180.1,4211.91,4173.54,-0.0087408939140991
2022-08-19,4174.55,4151.07,4185.66,4151.07,-0.0069448099327769
2022-08-22,4135.16,4181.4,4183.65,4134.2,0.0073065498775013
2022-08-23,4175.53,4161.08,4187.39,4147.41,-0.0048596163964221
2022-08-24,4168.58,4082.42,4174.16,4079.09,-0.0189037461428283
2022-08-25,4093.29,4116.24,4119.62,4058.75,0.0082843019581522
2022-08-26,4127.81,4107.55,4139.79,4102.68,-0.0021111499815364
2022-08-29,4063.88,4089.52,4092.95,4059.6,-0.0043894779126243
2022-08-30,4088.53,4075.79,4093.14,4048.52,-0.0033573622332205
2022-08-31,4057.14,4078.84,4112.85,4046.62,0.0007483211843593
2022-09-01,4066.19,4043.74,4090.89,4041.13,-0.0086053878063372
2022-09-02,4054.84,4023.61,4056.18,4004.91,-0.0049780648607475
2022-09-05,4010.41,4015.43,4017.0,3982.74,-0.0020330002162237
2022-09-06,4024.47,4052.28,4054.0,4009.58,0.0091770993392987
2022-09-07,4032.72,4054.98,4067.54,4028.37,0.0006662915691906
2022-09-08,4059.17,4037.68,4067.76,4036.02,-0.0042663588969613
2022-09-09,4050.59,4093.79,4099.01,4042.25,0.0138965940837312
2022-09-13,4112.01,4111.11,4128.11,4097.14,0.004230798355558
2022-09-14,4058.04,4065.36,4089.06,4047.92,-0.0111283813860488
2022-09-15,4078.65,4027.12,4088.81,3998.86,-0.0094063010409902
2022-09-16,4013.58,3932.68,4019.41,3932.68,-0.0234510022050498
2022-09-19,3928.42,3928.0,3953.65,3910.31,-0.0011900281741712
2022-09-20,3945.65,3932.84,3957.55,3921.69,0.0012321792260692
2022-09-21,3921.32,3903.73,3924.39,3884.23,-0.0074017758159498
2022-09-22,3875.18,3869.34,3900.27,3860.23,-0.0088095231996064
2022-09-23,3865.1,3856.02,3888.4,3829.69,-0.0034424475491944
2022-09-26,3829.6,3836.68,3893.32,3827.95,-0.0050155341517938
2022-09-27,3844.07,3892.3,3893.03,3827.93,0.0144969087857211
2022-09-28,3879.44,3828.71,3879.44,3828.05,-0.0163373840659764
2022-09-29,3864.32,3827.14,3873.18,3808.65,-0.0004100597851496
2022-09-30,3833.35,3804.89,3848.6,3801.28,-0.0058137408090637
2022-10-10,3806.56,3720.94,3807.46,3715.71,-0.0220637127485945
2022-10-11,3732.02,3727.69,3739.81,3706.06,0.0018140577380985
2022-10-12,3722.87,3784.31,3784.31,3661.53,0.0151890312767424
2022-10-13,3756.42,3752.67,3783.6,3749.64,-0.00836083724642
2022-10-14,3783.32,3842.47,3863.23,3780.84,0.0239296287709815
2022-10-17,3822.24,3846.41,3849.62,3809.12,0.001025382110986
2022-10-18,3865.83,3838.27,3870.22,3831.17,-0.0021162590571467
2022-10-19,3827.47,3776.53,3840.49,3776.53,-0.0160853717951054
2022-10-20,3746.58,3754.93,3804.25,3726.79,-0.0057195361879821
2022-10-21,3753.89,3742.89,3768.69,3724.69,-0.0032064512520872
2022-10-24,3727.92,3633.37,3762.16,3619.99,-0.0292608118325679
2022-10-25,3621.94,3627.45,3670.73,3594.7,-0.0016293413552707
2022-10-26,3633.31,3656.9,3700.88,3633.31,0.0081186508428787
2022-10-27,3667.66,3631.14,3685.08,3631.06,-0.007044217780087
2022-10-28,3605.16,3541.33,3618.86,3533.5,-0.0247332793557946
2022-10-31,3504.51,3508.7,3553.39,3495.95,-0.0092140523475643
2022-11-01,3519.82,3634.17,3634.17,3517.62,0.0357596830735031
2022-11-02,3620.37,3677.81,3703.47,3610.8,0.0120082439731767
2022-11-03,3645.06,3647.9,3670.16,3628.5,-0.0081325571467802
2022-11-04,3646.77,3767.17,3782.88,3646.77,0.0326955234518488
2022-11-07,3754.52,3775.3,3792.79,3746.37,0.0021581186938737
2022-11-08,3773.66,3749.33,3779.12,3723.34,-0.006878923529256
2022-11-09,3750.78,3714.27,3760.41,3711.27,-0.0093510040460562
2022-11-10,3685.83,3685.69,3701.53,3665.06,-0.007694647938895
2022-11-11,3787.76,3788.44,3828.9,3747.09,0.0278780906695896
2022-11-14,3818.14,3794.02,3848.41,3781.78,0.0014729017748729
2022-11-15,3788.93,3865.97,3871.64,3775.5,0.018964053958598
2022-11-16,3860.81,3834.39,3877.68,3829.31,-0.0081687131560772
2022-11-17,3821.27,3818.66,3821.74,3776.57,-0.0041023474398795
2022-11-18,3823.82,3801.57,3840.3,3801.57,-0.0044753918913963
2022-11-21,3769.63,3769.13,3769.87,3734.0,-0.0085333164981836
2022-11-22,3766.08,3769.57,3809.86,3751.04,0.0001167378148272
2022-11-23,3760.22,3773.53,3791.18,3753.21,0.0010505176983051
2022-11-24,3791.54,3756.81,3804.9,3751.38,-0.0044308644690781
2022-11-25,3751.28,3775.78,3790.57,3743.41,0.0050494967805132
2022-11-28,3701.9,3733.24,3736.08,3672.13,-0.0112665462500464
2022-11-29,3766.57,3848.42,3854.77,3766.57,0.0308525570282114
2022-11-30,3836.56,3853.04,3867.66,3833.83,0.0012004926697188
2022-12-01,3921.3,3894.77,3944.56,3893.87,0.010830409235305
2022-12-02,3886.4,3870.95,3898.11,3865.88,-0.0061158938782007
2022-12-05,3907.64,3946.88,3947.48,3900.67,0.0196153399036413
2022-12-06,3929.01,3968.2,3988.9,3923.0,0.0054017350413491
2022-12-07,3956.67,3958.44,3999.59,3944.18,-0.0024595534499268
2022-12-08,3953.2,3959.18,3971.49,3941.3,0.0001869423308171
2022-12-09,3961.99,3998.24,4003.32,3944.44,0.0098656792568156
2022-12-12,3976.17,3953.44,3983.43,3950.32,-0.0112049301692743
2022-12-13,3953.55,3945.68,3964.4,3939.98,-0.0019628475454288
2022-12-14,3952.79,3954.89,3972.74,3935.77,0.0023341984144684
2022-12-15,3954.67,3951.99,3963.5,3926.5,-0.0007332694461793
2022-12-16,3931.23,3954.23,3960.47,3929.49,0.0005668030536514
2022-12-19,3952.77,3893.22,3966.57,3878.44,-0.0154290468687962
2022-12-20,3881.23,3829.02,3881.27,3811.48,-0.0164902060505185
2022-12-21,3839.0,3830.54,3853.73,3821.4,0.0003969684148945
2022-12-22,3859.2,3836.03,3882.13,3821.34,0.0014332182929821
2022-12-23,3811.62,3828.22,3848.34,3805.95,-0.0020359590514152
2022-12-26,3830.57,3843.49,3856.81,3827.52,0.0039887989718458
2022-12-27,3860.91,3887.85,3891.85,3856.58,0.011541593707802
2022-12-28,3874.91,3871.26,3884.72,3854.94,-0.0042671399359542
2022-12-29,3854.24,3856.7,3868.29,3838.48,-0.0037610493741057
2022-12-30,3873.94,3871.63,3887.55,3868.76,0.0038711852101538
2023-01-03,3864.84,3887.9,3893.99,3831.25,0.0042023643788275
2023-01-04,3886.25,3892.95,3905.9,3873.65,0.0012989017207232
2023-01-05,3913.49,3968.58,3974.88,3912.26,0.0194274265017531
2023-01-06,3969.55,3980.89,4000.41,3966.47,0.0031018651507592
2023-01-09,3998.53,4013.12,4023.09,3990.71,0.0080961794975495
2023-01-10,4014.71,4017.47,4030.46,4002.23,0.0010839446615102
2023-01-11,4019.88,4010.03,4043.4,4008.02,-0.0018519117753211
2023-01-12,4021.75,4017.87,4030.29,4003.51,0.001955097592786
2023-01-13,4032.29,4074.38,4074.38,4027.89,0.0140646661041796
2023-01-16,4077.88,4137.96,4177.1,4076.64,0.0156048282192629
2023-01-17,4138.84,4137.24,4148.58,4118.16,-0.0001739987820086
2023-01-18,4140.1,4130.31,4151.46,4125.77,-0.0016750297299648
2023-01-19,4125.58,4156.01,4156.01,4105.98,0.0062222932419115
2023-01-20,4166.84,4181.53,4189.83,4161.67,0.0061405049554739
2023-01-30,4267.62,4201.35,4268.15,4197.86,0.004739891857765
2023-01-31,4200.58,4156.86,4212.73,4153.05,-0.0105894533899819
2023-02-01,4170.13,4195.93,4195.93,4137.77,0.0093989213011747
2023-02-02,4207.41,4181.15,4207.41,4170.56,-0.0035224610515429
2023-02-03,4162.03,4141.63,4162.03,4103.17,-0.0094519450390441
2023-02-06,4103.83,4086.88,4105.94,4065.22,-0.0132194329285812
2023-02-07,4098.31,4094.23,4107.34,4077.96,0.0017984379281994
2023-02-08,4099.86,4076.14,4111.47,4072.65,-0.0044184132303266
2023-02-09,4067.56,4130.86,4130.86,4064.75,0.013424465302958
2023-02-10,4124.1,4106.31,4125.29,4092.35,-0.0059430723868635
2023-02-13,4098.88,4143.57,4146.45,4092.27,0.0090738400169494
2023-02-14,4151.25,4145.29,4152.05,4125.26,0.0004151009877955
2023-02-15,4146.85,4123.69,4153.72,4115.97,-0.0052107331453288
2023-02-16,4125.41,4093.49,4167.9,4068.86,-0.0073235378993086
2023-02-17,4086.22,4034.51,4104.64,4032.93,-0.0144082433327061
2023-02-20,4039.96,4133.49,4134.86,4035.48,0.0245333386210468
2023-02-21,4130.06,4144.35,4151.8,4116.27,0.0026273197709443
2023-02-22,4118.97,4106.95,4134.88,4101.86,-0.0090243343346967
2023-02-23,4106.21,4103.65,4132.39,4088.21,-0.0008035159911856
2023-02-24,4100.99,4061.05,4102.61,4048.24,-0.0103810022784592
2023-02-27,4040.46,4043.84,4067.03,4034.52,-0.0042378202681572
2023-02-28,4058.13,4069.46,4074.26,4026.45,0.0063355622378729
2023-03-01,4068.73,4126.94,4135.48,4061.22,0.0141247241648767
2023-03-02,4119.99,4117.74,4137.25,4113.83,-0.0022292546051069
2023-03-03,4126.02,4130.55,4135.21,4100.38,0.0031109297818707
2023-03-06,4131.15,4109.01,4132.84,4088.45,-0.0052148019028942
2023-03-07,4103.64,4048.85,4124.96,4046.57,-0.0146409962497049
2023-03-08,4030.74,4034.11,4037.29,4011.52,-0.0036405399063931
2023-03-09,4035.84,4019.85,4043.85,4000.89,-0.0035348565111016
2023-03-10,3991.8,3967.14,4004.36,3966.43,-0.0131124295682675
2023-03-13,3962.64,4008.69,4008.69,3962.64,0.010473540132186
2023-03-14,3999.88,3984.7,4001.94,3946.94,-0.005984498676625
2023-03-15,4011.84,3986.9,4018.75,3986.9,0.0005521118277411
2023-03-16,3958.2,3939.15,3981.32,3936.48,-0.0119767237703478
2023-03-17,3971.16,3958.82,4004.22,3945.25,0.0049934630567507
2023-03-20,3962.66,3939.08,3979.55,3935.02,-0.0049863343117394
2023-03-21,3948.16,3982.38,3982.7,3948.16,0.0109924144724149
2023-03-22,3993.78,3999.44,4016.45,3986.71,0.0042838704493293
2023-03-23,3985.99,4039.09,4039.09,3984.0,0.0099138879443121
2023-03-24,4035.16,4027.05,4037.84,4017.0,-0.0029808694532679
2023-03-27,4023.3,4012.48,4023.3,3987.03,-0.0036180330514893
2023-03-28,4015.7,3999.51,4023.78,3994.6,-0.0032324148656192
2023-03-29,4013.59,4006.14,4017.76,3992.67,0.0016577030686257
2023-03-30,4009.56,4038.53,4040.5,3983.9,0.0080850893877897
2023-03-31,4045.45,4050.93,4063.57,4039.96,0.0030704241394763
2023-04-03,4059.62,4090.57,4094.94,4059.06,0.0097854073015333
2023-04-04,4089.29,4103.11,4103.16,4080.07,0.0030655874364695
2023-04-06,4084.13,4096.64,4098.83,4078.4,-0.0015768526800401
2023-04-07,4096.9,4123.28,4131.31,4092.18,0.0065028901734103
2023-04-10,4132.01,4104.81,4132.3,4099.05,-0.0044794435497951
2023-04-11,4108.51,4100.15,4116.12,4083.49,-0.0011352535196514
2023-04-12,4102.4,4097.29,4108.25,4090.28,-0.0006975354560198
2023-04-13,4081.39,4068.98,4088.88,4059.57,-0.0069094450234179
2023-04-14,4078.97,4092.0,4098.22,4075.2,0.0056574374904767
2023-04-17,4090.07,4149.38,4149.38,4089.51,0.0140224828934507
2023-04-18,4139.31,4162.03,4169.67,4138.46,0.0030486482317839
2023-04-19,4159.39,4124.56,4159.39,4118.63,-0.0090028183362443
2023-04-20,4122.95,4113.02,4125.82,4094.0,-0.0027978741974901
2023-04-21,4114.26,4032.57,4114.26,4031.91,-0.0195598368109078
2023-04-24,4031.3,3982.64,4033.64,3967.91,-0.0123816821530686
2023-04-25,3985.11,3962.67,3991.69,3925.44,-0.0050142618966313
2023-04-26,3950.26,3959.23,3975.66,3934.66,-0.000868101557788
2023-04-27,3948.03,3988.42,3999.13,3942.82,0.0073726456912075
2023-04-28,3993.26,4029.09,4030.45,3993.26,0.0101970203739827
2023-05-04,4013.47,4030.25,4035.78,4001.13,0.0002879062021448
2023-05-05,4031.09,4016.88,4047.6,3998.39,-0.0033174120712113
2023-05-08,4028.11,4062.66,4070.77,4018.96,0.0113969050606439
2023-05-09,4065.44,4027.88,4092.85,4026.39,-0.0085608936017288
2023-05-10,4017.94,3996.87,4019.06,3984.63,-0.0076988390915321
2023-05-11,4005.78,3990.66,4018.06,3988.48,-0.0015537157825998
2023-05-12,3987.77,3937.76,3999.38,3937.53,-0.0132559526494363
2023-05-15,3938.83,3998.89,3998.89,3923.03,0.0155240542846692
2023-05-16,4002.52,3978.21,4005.02,3966.99,-0.0051714350732328
2023-05-17,3971.7,3960.17,3982.6,3945.71,-0.0045347027934674
2023-05-18,3965.52,3956.07,3982.72,3939.55,-0.0010353090902662
2023-05-19,3946.22,3944.54,3967.28,3928.32,-0.0029145085905962
2023-05-22,3941.0,3969.33,3985.4,3935.8,0.0062846364848625
2023-05-23,3968.23,3913.19,3971.94,3913.19,-0.0141434448634908
2023-05-24,3903.78,3859.09,3903.78,3859.09,-0.0138250378846924
2023-05-25,3851.41,3850.5,3861.38,3817.84,-0.0022259133629949
2023-05-26,3848.42,3850.95,3859.63,3815.57,0.0001168679392287
2023-05-29,3862.08,3833.94,3866.72,3819.18,-0.0044170918864175
2023-05-30,3827.79,3837.75,3844.01,3789.27,0.0009937557708257
2023-05-31,3827.16,3798.54,3827.16,3781.4,-0.0102169239788938
2023-06-01,3788.59,3806.87,3832.21,3786.73,0.0021929478167928
2023-06-02,3821.62,3861.83,3865.28,3821.62,0.0144370572149823
2023-06-05,3860.56,3844.25,3860.56,3832.46,-0.0045522459559328
2023-06-06,3840.46,3808.16,3867.85,3802.84,-0.0093880470833063
2023-06-07,3815.48,3789.34,3823.11,3780.1,-0.0049420192428888
2023-06-08,3791.08,3820.19,3834.39,3777.78,0.0081412594277632
2023-06-09,3822.41,3836.7,3836.7,3811.22,0.0043217745714216
2023-06-12,3827.33,3844.43,3859.72,3813.86,0.0020147522610576
2023-06-13,3838.13,3864.91,3867.3,3833.46,0.0053271876455027
2023-06-14,3872.72,3864.02,3891.67,3862.06,-0.0002302770310304
2023-06-15,3871.77,3925.5,3925.5,3871.77,0.0159108907303793
2023-06-16,3932.21,3963.35,3968.01,3928.54,0.0096420838109794
2023-06-19,3957.03,3930.91,3957.03,3922.47,-0.0081849950168417
2023-06-20,3926.09,3924.24,3937.49,3918.47,-0.001696808118222
2023-06-21,3909.1,3864.03,3920.13,3864.03,-0.0153430982814505
2023-06-26,3833.44,3809.7,3841.29,3801.05,-0.014060449841228
2023-06-27,3811.69,3845.43,3851.9,3806.32,0.0093786912355302
2023-06-28,3836.61,3840.8,3846.85,3808.16,-0.0012040265978056
2023-06-29,3836.73,3821.84,3840.71,3817.38,-0.0049364715684232
2023-06-30,3816.33,3842.45,3860.03,3813.55,0.0053926904318337
2023-07-03,3853.29,3892.88,3897.33,3853.29,0.0131244388345976
2023-07-04,3888.03,3899.01,3899.98,3878.4,0.0015746696533158
2023-07-05,3895.19,3868.81,3899.52,3864.13,-0.0077455559231702
2023-07-06,3857.03,3842.75,3876.89,3836.46,-0.00673592138151
2023-07-07,3831.6,3825.7,3844.84,3819.08,-0.0044369266801119
2023-07-10,3841.56,3844.33,3865.46,3831.92,0.0048696970489061
2023-07-11,3853.8,3869.49,3870.65,3844.52,0.0065447034983989
2023-07-12,3864.6,3843.44,3874.04,3838.56,-0.0067321533328681
2023-07-13,3855.66,3898.42,3901.1,3855.66,0.0143048935328768
2023-07-14,3904.6,3899.1,3908.49,3893.79,0.0001744296407262
2023-07-17,3881.62,3867.17,3881.62,3852.26,-0.0081890692723961
2023-07-18,3871.04,3854.94,3871.04,3844.51,-0.0031625193617037
2023-07-19,3848.48,3850.87,3860.01,3830.41,-0.0010557881575329
2023-07-20,3857.77,3823.69,3875.62,3818.71,-0.0070581453022303
2023-07-21,3816.98,3821.91,3849.51,3808.8,-0.0004655189097443
2023-07-24,3803.35,3805.22,3828.79,3798.8,-0.0043669264844018
2023-07-25,3866.64,3915.12,3915.81,3866.64,0.0288813787376289
2023-07-26,3908.17,3907.01,3912.98,3893.4,-0.0020714563027441
2023-07-27,3914.23,3902.35,3935.36,3894.69,-0.0011927279428515
2023-07-28,3889.79,3992.74,4000.92,3886.55,0.0231629659051597
2023-07-31,4018.89,4014.63,4064.36,4002.08,0.005482450647926
2023-08-01,4009.18,3998.0,4031.7,3983.03,-0.004142349357226
2023-08-02,3985.7,3969.9,4008.33,3958.51,-0.0070285142571285
2023-08-03,3962.13,4004.98,4005.0,3962.13,0.0088364946220307
2023-08-04,4033.72,4020.58,4058.24,4011.62,0.0038951505375806
2023-08-07,4002.97,3990.15,4002.97,3977.02,-0.0075685597600345
2023-08-08,3980.04,3979.73,4002.29,3963.46,-0.0026114306479706
2023-08-09,3967.36,3967.57,3982.11,3961.84,-0.0030554836634645
2023-08-10,3962.86,3975.72,3976.46,3945.39,0.0020541540539926
2023-08-11,3977.98,3884.25,3977.98,3884.25,-0.023007153421267
2023-08-14,3840.89,3855.91,3859.47,3814.07,-0.0072961318143786
2023-08-15,3858.37,3846.54,3865.28,3811.68,-0.0024300359707565
2023-08-16,3830.83,3818.33,3852.42,3817.63,-0.0073338636800864
2023-08-17,3801.2,3831.1,3836.15,3782.5,0.0033443940151847
2023-08-18,3832.46,3784.0,3844.2,3784.0,-0.0122941191824802
2023-08-21,3773.23,3729.56,3782.11,3729.56,-0.0143868921775898
2023-08-22,3748.07,3758.23,3770.06,3704.68,0.0076872338828173
2023-08-23,3751.77,3696.63,3756.17,3695.03,-0.0163906945556817
2023-08-24,3711.54,3723.43,3748.86,3701.57,0.0072498464817956
2023-08-25,3703.51,3709.15,3734.22,3695.84,-0.0038351734825147
2023-08-28,3911.55,3752.62,3911.55,3740.53,0.0117196662308074
2023-08-29,3743.05,3790.11,3810.38,3742.08,0.00999035340642
2023-08-30,3803.12,3788.51,3813.7,3780.24,-0.000422151335977
2023-08-31,3786.93,3765.27,3794.0,3762.0,-0.0061343377739534
2023-09-01,3778.91,3791.49,3808.53,3778.91,0.0069636440414631
2023-09-04,3812.99,3848.95,3854.26,3804.59,0.0151549918369822
2023-09-05,3839.58,3820.32,3839.58,3814.33,-0.0074383922888059
2023-09-06,3808.1,3812.03,3817.52,3790.89,-0.002169975290028
2023-09-07,3802.23,3758.47,3802.23,3756.85,-0.0140502566873819
2023-09-08,3747.65,3739.99,3753.26,3724.99,-0.0049168943745726
2023-09-11,3740.58,3767.54,3788.32,3734.72,0.0073663298564969
2023-09-12,3764.33,3760.6,3775.09,3755.42,-0.0018420507811462
2023-09-13,3759.61,3736.65,3768.82,3719.11,-0.0063686645748018
2023-09-14,3736.94,3733.51,3748.82,3717.31,-0.0008403248899414
2023-09-15,3740.79,3708.78,3749.02,3699.38,-0.0066237936954769
2023-09-18,3698.93,3727.71,3737.53,3691.11,0.0051041043146262
2023-09-19,3723.42,3720.5,3724.07,3702.69,-0.0019341633335211
2023-09-20,3715.96,3705.69,3718.52,3705.13,-0.0039806477623974
2023-09-21,3698.31,3672.44,3708.46,3672.44,-0.0089726879474537
2023-09-22,3672.64,3738.93,3740.42,3664.77,0.0181051290150418
2023-09-25,3738.06,3714.6,3738.06,3711.2,-0.0065072092817998
2023-09-26,3711.71,3692.89,3723.85,3692.62,-0.0058445054649222
2023-09-27,3694.96,3700.5,3731.14,3694.39,0.0020607166744746
2023-09-28,3711.21,3689.52,3716.06,3685.3,-0.0029671665991082
2023-10-09,3678.93,3684.73,3694.17,3642.0,-0.0012982718619224
2023-10-10,3696.25,3657.13,3701.26,3655.59,-0.007490372428916
2023-10-11,3674.75,3667.55,3689.53,3658.36,0.0028492287668198
2023-10-12,3697.93,3702.38,3711.5,3682.84,0.0094968030429032
2023-10-13,3677.96,3663.41,3678.19,3652.31,-0.010525661871553
2023-10-16,3664.04,3626.6,3664.04,3615.77,-0.0100480153736546
2023-10-17,3635.3,3639.4,3645.57,3619.13,0.0035294766447913
2023-10-18,3631.07,3610.58,3632.06,3608.98,-0.0079188877287464
2023-10-19,3588.52,3533.54,3588.52,3532.31,-0.0213372920694181
2023-10-20,3518.35,3510.59,3535.66,3501.73,-0.0064949031283075
2023-10-23,3500.2,3474.24,3505.35,3450.65,-0.0103543848754769
2023-10-24,3481.76,3487.13,3495.0,3453.1,0.0037101639495258
2023-10-25,3524.3,3504.46,3531.83,3500.92,0.0049697028788717
2023-10-26,3484.78,3514.14,3515.57,3478.05,0.0027621944607727
2023-10-27,3501.17,3562.39,3576.59,3494.55,0.0137302440995521
2023-10-30,3554.11,3583.77,3592.72,3554.02,0.0060015888209881
2023-10-31,3581.68,3572.51,3581.68,3554.58,-0.0031419427027961
2023-11-01,3605.76,3571.03,3606.41,3564.64,-0.0004142745576639
2023-11-02,3580.07,3554.19,3597.17,3553.74,-0.0047157262750523
2023-11-03,3558.53,3584.14,3596.1,3558.53,0.0084266738694329
2023-11-06,3608.32,3632.61,3635.79,3600.63,0.0135234672752739
2023-11-07,3623.78,3619.76,3628.46,3606.3,-0.0035374014826804
2023-11-08,3610.64,3611.07,3627.05,3591.82,-0.0024007116493911
2023-11-09,3603.11,3612.83,3624.41,3601.37,0.000487390164134
2023-11-10,3596.07,3586.49,3599.45,3576.1,-0.007290683480817
2023-11-13,3593.91,3579.41,3599.39,3562.77,-0.0019740749312001
2023-11-14,3581.1,3582.06,3600.15,3568.88,0.0007403454759304
2023-11-15,3616.88,3607.25,3620.6,3596.92,0.0070322663495308
2023-11-16,3600.98,3572.36,3605.29,3572.36,-0.0096721879548131
2023-11-17,3561.31,3568.07,3573.68,3547.03,-0.0012008868087203
2023-11-20,3569.73,3576.32,3586.97,3545.1,0.0023121743687763
2023-11-21,3587.88,3581.07,3615.06,3575.68,0.0013281809234073
2023-11-22,3569.44,3544.42,3574.38,3544.42,-0.0102343712912621
2023-11-23,3541.44,3561.52,3562.07,3529.94,0.0048244846829663
2023-11-24,3560.65,3538.01,3560.65,3534.0,-0.0066011141310451
2023-11-27,3534.44,3511.94,3534.44,3492.86,-0.0073685489865772
2023-11-28,3510.66,3518.52,3521.05,3501.11,0.0018736083190487
2023-11-29,3518.88,3488.31,3519.2,3482.24,-0.0085859963848435
2023-11-30,3485.52,3496.2,3505.13,3481.45,0.0022618402607565
2023-12-01,3494.22,3482.88,3494.22,3452.17,-0.0038098506950402
2023-12-04,3481.04,3460.14,3488.13,3459.61,-0.0065290793825799
2023-12-05,3450.09,3394.26,3450.09,3393.81,-0.0190396920355823
2023-12-06,3387.88,3399.6,3420.28,3382.95,0.0015732442417493
2023-12-07,3394.31,3391.28,3404.41,3369.77,-0.002447346746676
2023-12-08,3391.86,3399.46,3409.38,3383.45,0.0024120685994668
2023-12-11,3378.05,3419.45,3426.61,3346.89,0.0058803457019642
2023-12-12,3410.0,3426.8,3427.55,3406.1,0.0021494684817735
2023-12-13,3418.64,3369.61,3418.64,3369.61,-0.0166890393369908
2023-12-14,3387.38,3351.96,3399.14,3350.76,-0.0052379949014871
2023-12-15,3365.94,3341.55,3388.5,3339.52,-0.003105645652096
2023-12-18,3329.19,3329.37,3352.35,3314.91,-0.0036450150379315
2023-12-19,3325.66,3334.04,3345.78,3313.19,0.0014026677719809
2023-12-20,3334.33,3297.5,3338.54,3297.37,-0.0109596765485716
2023-12-21,3285.6,3330.87,3339.36,3283.99,0.0101197877179681
2023-12-22,3329.47,3337.23,3359.06,3315.9,0.0019094110547694
2023-12-25,3330.33,3347.45,3348.88,3330.33,0.0030624200309836
2023-12-26,3345.4,3324.79,3345.42,3315.94,-0.0067693318794903
2023-12-27,3326.93,3336.36,3341.27,3309.67,0.0034799190324803
2023-12-28,3335.56,3414.54,3423.4,3331.21,0.0234327230874364
2023-12-29,3411.11,3431.11,3432.54,3409.58,0.0048527766551278
2024-01-02,3426.27,3386.35,3426.27,3386.35,-0.0130453410120923
2024-01-03,3379.75,3378.3,3392.85,3362.66,-0.0023771907806339
2024-01-04,3375.02,3347.05,3375.02,3323.86,-0.0092502146049788
2024-01-05,3341.31,3329.11,3372.54,3313.55,-0.0053599438311349
2024-01-08,3322.61,3286.06,3333.52,3283.34,-0.0129313840636086
2024-01-09,3286.71,3292.5,3304.6,3273.84,0.0019597937956092
2024-01-10,3281.67,3277.13,3312.92,3268.25,-0.0046681852695519
2024-01-11,3275.31,3295.67,3311.11,3266.79,0.0056573892399751
2024-01-12,3284.36,3284.17,3310.47,3279.7,-0.0034894270360806
2024-01-15,3270.1,3280.92,3306.92,3261.27,-0.0009895955446885
2024-01-16,3272.57,3300.88,3300.88,3260.44,0.0060836594613706
2024-01-17,3291.14,3229.08,3291.14,3229.08,-0.0217517752841667
2024-01-18,3214.28,3274.73,3279.25,3171.63,0.01413715361651
2024-01-19,3261.24,3269.78,3286.94,3251.81,-0.0015115750000762
2024-01-22,3262.47,3218.9,3281.42,3193.18,-0.0155606799234199
2024-01-23,3208.43,3231.93,3249.53,3188.13,0.0040479666966974
2024-01-24,3245.96,3277.11,3281.49,3190.47,0.0139792631647344
2024-01-25,3274.34,3342.92,3344.24,3269.79,0.0200817183432964
2024-01-26,3326.65,3333.82,3351.97,3315.13,-0.0027221710361001
2024-01-29,3335.39,3303.96,3351.37,3303.96,-0.0089566923229208
2024-01-30,3283.9,3245.04,3300.2,3244.97,-0.0178331456797298
2024-01-31,3231.54,3215.35,3252.15,3201.93,-0.0091493479279146
2024-02-01,3202.26,3217.71,3251.76,3191.9,0.0007339791935558
2024-02-02,3219.87,3179.63,3235.41,3108.35,-0.0118345034201341
2024-02-05,3164.25,3200.42,3233.85,3111.52,0.006538496617531
2024-02-06,3185.25,3311.69,3314.51,3182.82,0.0347673117903275
2024-02-07,3314.03,3343.63,3343.63,3289.67,0.009644622534114
2024-02-08,3351.41,3364.93,3367.21,3336.98,0.0063703220751099
2024-02-19,3393.19,3403.81,3403.81,3364.14,0.0115544751302405
2024-02-20,3395.19,3410.85,3415.89,3380.1,0.002068270555642
2024-02-21,3390.36,3456.87,3500.13,3383.69,0.0134922380051893
2024-02-22,3450.35,3486.67,3486.68,3448.41,0.0086205150902407
2024-02-23,3491.34,3489.74,3507.56,3472.97,0.0008804962901565
2024-02-26,3485.54,3453.36,3492.61,3445.39,-0.0104248454039554
2024-02-27,3440.05,3494.79,3494.79,3437.44,0.0119970116060879
2024-02-28,3499.83,3450.26,3521.66,3450.26,-0.0127418242583959
2024-02-29,3437.9,3516.08,3516.08,3437.9,0.019076823195933
2024-03-01,3515.06,3537.8,3544.36,3503.46,0.0061773338490591
2024-03-04,3538.37,3540.87,3548.69,3519.76,0.0008677709310871
2024-03-05,3524.96,3565.51,3570.69,3519.08,0.0069587417781507
2024-03-06,3556.53,3551.05,3577.39,3545.1,-0.0040555208090847
2024-03-07,3548.1,3529.72,3569.92,3522.9,-0.0060066740823138
2024-03-08,3529.55,3544.91,3548.51,3511.58,0.0043034574980451
2024-03-11,3545.94,3589.26,3589.26,3542.28,0.0125108959042685
2024-03-12,3592.58,3597.49,3605.7,3574.21,0.0022929517504999
2024-03-13,3594.42,3572.36,3594.42,3563.37,-0.0069854259497593
2024-03-14,3571.79,3562.22,3597.46,3545.61,-0.0028384597297025
2024-03-15,3554.91,3569.99,3572.81,3533.68,0.0021812240681373
2024-03-18,3577.06,3603.53,3604.05,3573.4,0.0093949842996761
2024-03-19,3593.34,3577.63,3610.74,3577.19,-0.0071873968025797
2024-03-20,3568.72,3585.38,3589.55,3568.43,0.0021662385433931
2024-03-21,3593.07,3581.09,3601.11,3575.03,-0.0011965258912584
2024-03-22,3571.27,3545.0,3575.72,3522.84,-0.0100779371643829
2024-03-25,3536.71,3525.76,3564.96,3525.76,-0.0054273624823695
2024-03-26,3526.68,3543.75,3547.65,3518.6,0.0051024459974586
2024-03-27,3538.72,3502.79,3542.96,3502.79,-0.011558377425044
2024-03-28,3498.48,3520.96,3551.21,3489.39,0.0051872935574213
2024-03-29,3516.88,3537.48,3538.24,3516.88,0.0046919022084885
2024-04-01,3551.58,3595.65,3600.92,3551.58,0.0164439092235151
2024-04-02,3593.22,3580.68,3596.19,3568.75,-0.0041633640649118
2024-04-03,3578.68,3567.8,3582.43,3558.87,-0.0035970821184801
2024-04-08,3553.56,3536.41,3567.82,3535.77,-0.0087981389091317
2024-04-09,3533.38,3533.49,3543.71,3518.86,-0.0008256961155522
2024-04-10,3528.97,3504.71,3531.23,3490.05,-0.0081449218761053
2024-04-11,3485.03,3504.24,3520.59,3484.93,-0.0001341052469392
2024-04-12,3505.75,3475.84,3516.7,3470.06,-0.0081044677305206
2024-04-15,3473.5,3549.08,3552.41,3473.5,0.0210711655312096
2024-04-16,3533.36,3511.11,3545.5,3503.62,-0.0106985472291409
2024-04-17,3509.13,3565.4,3565.94,3498.03,0.0154623466652996
2024-04-18,3550.56,3569.8,3602.79,3547.6,0.0012340831323274
2024-04-19,3550.61,3541.66,3560.95,3529.32,-0.0078827945543168
2024-04-22,3536.18,3530.9,3558.16,3528.02,-0.0030381233658791
2024-04-23,3525.67,3506.22,3533.76,3499.98,-0.0069897193350138
2024-04-24,3514.01,3521.62,3524.54,3495.65,0.0043921944430185
2024-04-25,3510.64,3530.28,3543.97,3505.2,0.0024590955298982
2024-04-26,3531.96,3584.27,3588.4,3531.96,0.0152934044891621
2024-04-29,3584.54,3623.91,3645.82,3578.76,0.0110594346966048
2024-04-30,3619.26,3604.39,3630.71,3604.39,-0.0053864472351686
2024-05-06,3654.05,3657.88,3668.26,3645.74,0.0148402364893922
2024-05-07,3657.0,3659.01,3665.68,3648.38,0.0003089221078875
2024-05-08,3650.75,3630.22,3650.94,3628.7,-0.0078682485153088
2024-05-09,3630.41,3664.56,3669.76,3630.41,0.0094594817944917
2024-05-10,3669.09,3666.28,3674.61,3641.76,0.0004693605780776
2024-05-13,3646.35,3664.69,3673.62,3634.6,-0.0004336820973848
2024-05-14,3668.23,3657.05,3675.78,3646.71,-0.0020847602389287
2024-05-15,3651.05,3626.06,3656.53,3624.0,-0.0084740432862553
2024-05-16,3636.6,3640.36,3657.48,3626.33,0.0039436744014165
2024-05-17,3638.56,3677.97,3677.97,3627.45,0.01033139579602
2024-05-20,3682.06,3690.96,3703.03,3677.44,0.003531839574548
2024-05-21,3682.29,3676.16,3684.61,3665.15,-0.0040097969092052
2024-05-22,3675.65,3684.45,3691.88,3667.09,0.0022550705083566
2024-05-23,3672.84,3641.79,3674.37,3633.51,-0.0115783902617757
2024-05-24,3630.83,3601.48,3650.87,3599.67,-0.0110687326836528
2024-05-27,3606.65,3635.71,3638.15,3603.71,0.0095044259582171
2024-05-28,3633.25,3609.17,3638.97,3605.92,-0.0072998121412324
2024-05-29,3609.07,3613.52,3633.2,3602.82,0.0012052632599739
2024-05-30,3607.05,3594.31,3624.04,3586.75,-0.0053161460293563
2024-05-31,3599.82,3579.92,3614.64,3579.92,-0.0040035500555043
2024-06-03,3577.38,3588.75,3600.6,3567.87,0.0024665355650406
2024-06-04,3583.81,3615.67,3622.5,3580.28,0.0075012190874259
2024-06-05,3610.36,3594.79,3623.32,3594.11,-0.0057748633033435
2024-06-06,3602.16,3592.25,3625.01,3584.17,-0.0007065781311286
2024-06-07,3594.63,3574.11,3603.07,3552.09,-0.0050497598997841
2024-06-11,3555.82,3542.88,3565.31,3525.89,-0.0087378396300058
2024-06-12,3539.09,3544.12,3551.17,3531.57,0.0003499977419498
2024-06-13,3548.22,3526.13,3551.08,3520.18,-0.005076013227543
2024-06-14,3514.8,3541.53,3547.15,3503.52,0.0043673942821167
2024-06-17,3521.44,3536.2,3540.79,3520.74,-0.0015049992517359
2024-06-18,3533.49,3545.59,3551.71,3532.78,0.0026553927945252
2024-06-19,3543.36,3528.75,3543.36,3524.84,-0.0047495621321134
2024-06-20,3525.17,3503.28,3533.99,3500.13,-0.0072178533475025
2024-06-21,3496.34,3495.62,3505.51,3473.83,-0.0021865223447741
2024-06-24,3473.64,3476.81,3505.78,3471.22,-0.0053810196760517
2024-06-25,3475.16,3457.9,3483.22,3440.65,-0.005438893698534
2024-06-26,3451.54,3480.26,3487.4,3442.3,0.0064663524104224
2024-06-27,3467.29,3454.12,3471.14,3452.58,-0.0075109330912058
2024-06-28,3443.67,3461.66,3484.68,3443.67,0.0021829004203675
2024-07-01,3458.26,3478.18,3479.95,3443.81,0.0047722768845004
2024-07-02,3472.45,3471.79,3488.32,3464.52,-0.0018371677141493
2024-07-03,3471.56,3463.41,3478.7,3454.99,-0.0024137404624128
2024-07-04,3468.3,3445.81,3483.31,3444.93,-0.0050816969402986
2024-07-05,3443.36,3431.06,3451.04,3399.67,-0.0042805610291919
2024-07-08,3420.8,3401.76,3428.04,3395.91,-0.0085396349816091
2024-07-09,3396.8,3439.81,3448.93,3384.81,0.0111853863882225
2024-07-10,3425.88,3428.97,3447.51,3423.65,-0.0031513368470933
2024-07-11,3451.04,3468.17,3473.98,3438.12,0.0114320043628262
2024-07-12,3459.96,3472.4,3479.1,3457.36,0.0012196633959695
2024-07-15,3462.61,3476.25,3481.46,3460.79,0.0011087432323464
2024-07-16,3466.85,3498.28,3500.29,3464.37,0.0063372887450559
2024-07-17,3494.21,3501.58,3514.48,3486.22,0.0009433207176097
2024-07-18,3483.3,3520.93,3522.8,3475.72,0.0055260767996161
2024-07-19,3500.81,3539.02,3545.34,3493.07,0.0051378471028962
2024-07-22,3538.4,3514.92,3540.19,3494.01,-0.0068097948019507
2024-07-23,3509.79,3439.88,3509.79,3439.88,-0.0213489922956994
2024-07-24,3432.35,3418.17,3451.42,3408.41,-0.0063112666720932
2024-07-25,3404.61,3399.27,3415.86,3383.8,-0.0055292744363212
2024-07-26,3403.71,3409.29,3420.82,3388.66,0.0029476917102788
2024-07-29,3404.37,3390.74,3408.5,3388.84,-0.0054410155780236
2024-07-30,3380.69,3369.38,3380.69,3352.8,-0.0062995098415093
2024-07-31,3364.03,3442.08,3445.0,3364.03,0.02157666989179
2024-08-01,3443.14,3419.27,3448.34,3419.19,-0.0066268070469018
2024-08-02,3393.92,3384.39,3419.1,3380.96,-0.0102010078174581
2024-08-05,3362.11,3343.32,3409.03,3343.32,-0.0121351262709084
2024-08-06,3367.35,3342.98,3376.8,3318.63,-0.0001016953208188
2024-08-07,3338.59,3341.49,3362.38,3329.97,-0.0004457101149274
2024-08-08,3332.43,3342.94,3364.79,3320.84,0.0004339381533389
2024-08-09,3358.13,3331.63,3366.67,3331.63,-0.003383249475013
2024-08-12,3327.56,3325.86,3338.08,3319.89,-0.0017318849932315
2024-08-13,3328.01,3334.39,3335.01,3310.19,0.0025647501698808
2024-08-14,3332.79,3309.24,3332.79,3309.1,-0.0075426089929492
2024-08-15,3301.45,3341.95,3356.76,3297.97,0.0098844447667743
2024-08-16,3342.03,3345.63,3356.91,3335.62,0.0011011535181557
2024-08-19,3344.26,3356.97,3375.96,3343.71,0.0033894961487073
2024-08-20,3361.64,3332.7,3362.33,3321.64,-0.0072297339565143
2024-08-21,3322.91,3321.64,3339.44,3307.99,-0.0033186305398025
2024-08-22,3322.87,3313.14,3327.7,3305.25,-0.0025589768909334
2024-08-23,3305.93,3327.19,3336.24,3305.64,0.0042406901006297
2024-08-26,3330.72,3324.22,3336.53,3311.57,-0.0008926451450023
2024-08-27,3315.69,3305.33,3320.57,3299.56,-0.0056825360535703
2024-08-28,3298.91,3286.5,3305.35,3274.59,-0.0056968593151062
2024-08-29,3273.54,3277.68,3290.79,3269.53,-0.0026837060702875
2024-08-30,3273.75,3321.43,3351.63,3273.65,0.0133478558004442
2024-09-02,3307.54,3265.01,3307.76,3264.76,-0.0169866593605765
2024-09-03,3261.74,3273.43,3281.59,3261.19,0.0025788588702637
2024-09-04,3253.9,3252.16,3272.99,3249.98,-0.0064977714507412
2024-09-05,3252.96,3257.76,3266.88,3247.17,0.0017219325002459
2024-09-06,3261.15,3231.35,3274.81,3231.07,-0.0081067973085802
2024-09-09,3214.8,3192.95,3222.93,3180.93,-0.0118835780710848
2024-09-10,3193.46,3195.76,3205.1,3171.79,0.0008800638907595
2024-09-11,3187.05,3186.13,3197.34,3174.03,-0.0030133677122187
2024-09-12,3189.43,3172.47,3201.55,3171.88,-0.0042873329085757
2024-09-13,3174.03,3159.25,3188.91,3159.25,-0.0041671000829006
2024-09-18,3158.82,3171.01,3179.9,3145.79,0.0037224024689404
2024-09-19,3178.4,3196.04,3213.84,3149.79,0.0078933841268238
2024-09-20,3192.43,3201.05,3207.99,3173.22,0.0015675648615161
2024-09-23,3200.87,3212.76,3230.16,3198.02,0.0036581746614392
2024-09-24,3244.65,3351.91,3351.97,3222.49,0.0433116697170032
2024-09-25,3403.7,3401.53,3465.49,3393.44,0.0148035000939763
2024-09-26,3399.32,3545.32,3545.32,3391.68,0.0422721540012875
2024-09-27,3617.92,3703.68,3708.5,3596.58,0.0446673360937799
2024-09-30,3846.65,4017.85,4038.7,3796.5,0.0848264428892344
2024-10-08,4450.37,4256.1,4450.37,4094.35,0.0592978831962369
2024-10-09,4168.84,3955.98,4197.6,3942.51,-0.0705152604497075
2024-10-10,3979.61,3997.79,4098.5,3912.77,0.0105688097513132
2024-10-11,3969.76,3887.17,3978.24,3847.12,-0.0276702878340282
2024-10-14,3915.22,3961.34,3979.54,3868.78,0.019080719392257
2024-10-15,3942.53,3855.99,3967.87,3855.99,-0.0265945361922986
2024-10-16,3806.14,3831.59,3877.75,3805.09,-0.0063278172401898
2024-10-17,3853.84,3788.22,3882.07,3787.75,-0.0113190607554567
2024-10-18,3780.31,3925.23,3998.21,3765.16,0.0361673820422256
2024-10-21,3946.9,3935.2,3979.26,3896.17,0.0025399785490276
2024-10-22,3923.74,3957.78,3965.91,3917.52,0.0057379548688758
2024-10-23,3955.32,3973.21,4012.18,3939.1,0.0038986502534248
2024-10-24,3950.9,3928.83,3957.98,3914.09,-0.0111698098011432
2024-10-25,3931.32,3956.42,3992.89,3921.94,0.0070224468862232
2024-10-28,3953.11,3964.16,3964.16,3917.2,0.0019563140414819
2024-10-29,3970.01,3924.65,3991.31,3921.58,-0.0099668025508555
2024-10-30,3904.16,3889.45,3926.06,3864.31,-0.0089689526454589
2024-10-31,3888.42,3891.04,3923.9,3859.11,0.0004087981591227
2024-11-01,3882.46,3890.02,3933.22,3879.96,-0.0002621407130227
2024-11-04,3897.71,3944.76,3944.76,3891.21,0.0140719070853105
2024-11-05,3937.62,4044.57,4046.7,3925.41,0.0253019195084112
2024-11-06,4051.29,4024.28,4091.7,4002.5,-0.0050166025065705
2024-11-07,3987.27,4145.7,4146.15,3984.67,0.0301718568290476
2024-11-08,4192.08,4104.05,4200.91,4094.16,-0.0100465542610415
2024-11-11,4066.93,4131.13,4132.51,4048.04,0.0065983601564307
2024-11-12,4133.35,4085.74,4181.71,4060.79,-0.0109873085572229
2024-11-13,4059.59,4110.89,4121.07,4059.59,0.0061555556643351
2024-11-14,4101.22,4039.62,4118.17,4034.94,-0.0173368783888647
2024-11-15,4025.65,3968.83,4049.07,3968.83,-0.0175239255177467
2024-11-18,3982.1,3950.38,4034.06,3931.19,-0.0046487251910511
2024-11-19,3954.6,3976.89,3979.15,3896.75,0.0067107468142304
2024-11-20,3966.12,3985.77,4001.08,3958.34,0.0022329005831189
2024-11-21,3979.46,3989.3,3999.57,3966.07,0.0008856507023737
2024-11-22,3984.24,3865.7,3990.26,3865.7,-0.030982879201865
2024-11-25,3875.61,3848.09,3889.71,3812.32,-0.0045554492071292
2024-11-26,3836.26,3840.18,3875.23,3833.28,-0.002055565228464
2024-11-27,3829.3442,3907.0447,3907.164,3817.9125,0.0174118661104427
2024-11-28,3904.2525,3872.5505,3908.3918,3866.0136,-0.0088287190571431
2024-11-29,3869.8903,3916.5832,3962.7002,3869.8903,0.0113704650204045
2024-12-02,3909.7029,3947.632,3955.1252,3902.1697,0.007927522132046
2024-12-03,3946.7034,3951.8912,3963.9474,3922.8425,0.0010789252898952
2024-12-04,3948.13,3930.5568,3957.365,3917.7467,-0.0053985291902773
2024-12-05,3916.5638,3921.5881,3936.3358,3910.0834,-0.0022817886768612
2024-12-06,3923.8954,3973.1405,3995.1168,3923.8954,0.0131457967245463
2024-12-09,3970.6628,3966.5708,3995.5116,3948.4206,-0.0016535282354097
2024-12-10,4094.05,3995.6369,4098.3804,3988.9676,0.0073277653332193
2024-12-11,3988.0179,3988.8308,4005.3253,3977.3522,-0.0017033830076
2024-12-12,3987.1525,4028.5048,4031.7441,3981.3485,0.0099462729780366
2024-12-13,4000.9854,3933.1808,4000.9854,3931.7392,-0.0236623771678265
2024-12-16,3930.7807,3911.8416,3938.7595,3901.6465,-0.0054254307353478
2024-12-17,3908.1263,3922.0334,3955.945,3908.1263,0.0026053713422342
2024-12-18,3934.5425,3941.89,3956.1441,3933.9693,0.0050628329682251
2024-12-19,3911.8901,3945.4635,3954.3491,3899.7479,0.000906544830018
2024-12-20,3937.4722,3927.7441,3958.6336,3923.2562,-0.0044910819730051
2024-12-23,3928.1493,3933.5718,3965.8502,3928.1493,0.0014837270075716
2024-12-24,3934.9422,3983.6882,3985.8588,3934.7338,0.0127406851960856
2024-12-25,3987.9557,3985.6291,4007.7626,3969.4766,0.0004872118254637
2024-12-26,3981.7317,3987.4801,3991.5331,3965.5461,0.0004644185280562
2024-12-27,3987.0189,3981.0307,4007.1314,3970.9365,-0.0016174124605663
2024-12-30,3976.7004,3999.0549,4005.778,3976.7004,0.0045275209759121
2024-12-31,3995.8705,3934.9109,4004.3462,3934.9109,-0.0160397898013353
2025-01-02,3931.8155,3820.3952,3934.2034,3796.3389,-0.0291024886992993
2025-01-03,3825.2426,3775.1648,3835.9353,3767.6653,-0.0118391940184617
2025-01-06,3775.9902,3768.9697,3788.8489,3743.0727,-0.0016410144531968
2025-01-07,3760.866,3796.1055,3797.602,3749.0581,0.007199792558693
2025-01-08,3781.261,3789.2153,3810.7355,3731.1887,-0.001815070734994
2025-01-09,3780.7341,3779.8773,3795.2608,3768.681,-0.0024643624763153
2025-01-10,3778.8928,3732.4806,3786.8069,3732.4806,-0.0125392165507595
2025-01-13,3704.4442,3722.513,3737.8852,3704.1073,-0.0026705028286013
2025-01-14,3728.5561,3820.5395,3826.6399,3718.8768,0.0263334204608554
2025-01-15,3810.0353,3796.026,3816.8284,3790.1655,-0.0064162404288713
2025-01-16,3812.1935,3800.3836,3842.947,3776.2861,0.001147937342895
2025-01-17,3788.3729,3812.3429,3831.6404,3780.2133,0.0031468665426299
2025-01-20,3835.3042,3829.6764,3858.6677,3821.9815,0.004546679156274
2025-01-21,3850.3563,3832.6145,3850.9106,3817.1214,0.000767192758114
2025-01-22,3823.9447,3797.0166,3823.9447,3783.1438,-0.0092881504257733
2025-01-23,3829.0462,3803.7439,3864.2585,3801.8531,0.0017717331022466
2025-01-24,3793.8498,3832.8637,3847.6003,3793.4836,0.0076555627207184
2025-01-27,3836.9578,3817.0802,3851.9969,3817.0802,-0.0041179392838832
2025-02-05,3844.6998,3795.0848,3844.6998,3785.162,-0.0057623625513553
2025-02-06,3789.6086,3842.8314,3843.4942,3788.3196,0.0125811681467564
2025-02-07,3844.0574,3892.7028,3919.3499,3833.8685,0.0129777746689589
2025-02-10,3898.1023,3901.0618,3906.3678,3878.8314,0.0021473511925955
2025-02-11,3905.1594,3883.1352,3905.1594,3872.9087,-0.0045953129991428
2025-02-12,3875.9596,3919.8617,3920.7229,3867.3538,0.0094579503695879
2025-02-13,3913.9044,3905.1398,3939.1978,3904.9845,-0.003755719238768
2025-02-14,3900.8274,3939.0085,3942.0356,3900.8274,0.0086728521217089
2025-02-17,3954.4147,3947.3983,3955.8959,3921.7017,0.0021299268584975
2025-02-18,3942.5761,3912.7829,3965.4232,3901.8675,-0.0087691682899087
2025-02-19,3906.2201,3940.1602,3943.6742,3904.1455,0.0069968870493681
2025-02-20,3934.6503,3928.8959,3940.678,3916.1772,-0.0028588431505905
2025-02-21,3938.0518,3978.444,3981.048,3927.7874,0.0126112020427926
2025-02-24,3972.4831,3969.7169,3995.9456,3949.2309,-0.002193596290409
2025-02-25,3933.636,3925.6505,3955.4336,3915.6527,-0.0111006404512119
2025-02-26,3931.842,3959.9413,3960.3298,3925.3664,0.0087350618706376
2025-02-27,3961.0635,3968.1159,3973.9323,3933.4611,0.0020643235292401
2025-02-28,3950.1866,3890.0487,3972.4813,3886.3994,-0.0196736189081573
2025-03-03,3899.6962,3888.4738,3930.0048,3872.5872,-0.0004048535433501
2025-03-04,3865.9939,3885.2208,3890.4235,3855.7254,-0.0008365750079118
2025-03-05,3887.7992,3902.5706,3906.4214,3877.0188,0.0044655891886504
2025-03-06,3923.3827,3956.2369,3964.4942,3917.0833,0.0137515257251208
2025-03-07,3944.9145,3944.0143,3967.0743,3935.0464,-0.0030894509881347
2025-03-10,3945.5795,3928.8018,3949.1448,3905.127,-0.0038571107614897
2025-03-11,3890.4305,3941.4157,3941.4157,3889.4298,0.0032106226381793
2025-03-12,3946.8623,3927.2315,3953.6125,3921.4736,-0.0035987576748122
2025-03-13,3925.7439,3911.5793,3939.2854,3897.3758,-0.0039855557279981
2025-03-14,3919.6159,4006.5567,4014.1586,3919.6159,0.024281087692636
2025-03-17,4020.6402,3996.7876,4021.7278,3992.2563,-0.0024382782352736
2025-03-18,4011.7794,4007.7229,4016.873,3995.9602,0.0027360222995087
2025-03-19,4004.8251,4010.168,4025.299,3989.512,0.0006100970703337
2025-03-20,4011.0588,3974.9918,4012.0416,3969.9259,-0.0087717522058926
2025-03-21,3966.5146,3914.6956,3983.1476,3904.7674,-0.0151688866377032
2025-03-24,3916.1136,3934.8486,3938.1826,3907.1999,0.0051480375638912
2025-03-25,3937.8975,3932.2951,3946.3574,3921.5287,-0.000648944917474
2025-03-26,3930.2073,3919.3566,3942.026,3916.8607,-0.0032903176569835
2025-03-27,3911.3841,3932.4117,3952.9852,3903.652,0.0033309293673353
2025-03-28,3930.7763,3915.1662,3934.2336,3907.384,-0.004385476729204
2025-03-31,3905.9815,3887.3056,3928.4482,3872.403,-0.0071160708324463
2025-04-01,3892.7794,3887.6841,3905.2622,3882.4045,9.736821308825584e-05
2025-04-02,3884.4181,3884.3858,3900.4949,3877.1599,-0.0008483971215664
2025-04-03,3843.4177,3861.5034,3883.7025,3843.4177,-0.0058908669679514
2025-04-07,3675.2017,3589.4406,3707.7771,3514.1165,-0.0704551496704626
2025-04-08,3597.9859,3650.759,3650.759,3583.8746,0.0170829961638034
2025-04-09,3606.1036,3686.7943,3686.7943,3587.3368,0.0098706323808281
2025-04-10,3749.1262,3735.1151,3756.1386,3708.8194,0.013106454027012
2025-04-11,3730.3148,3750.5167,3762.3653,3708.4617,0.0041234606130344
2025-04-14,3772.0407,3759.1422,3776.6344,3754.033,0.0022998164492906
2025-04-15,3756.4788,3761.2348,3764.486,3737.8495,0.0005566695508354
2025-04-16,3757.8757,3772.8204,3775.1661,3721.6025,0.0030802650236034
2025-04-17,3755.0862,3772.2221,3779.1253,3749.504,-0.0001585816276863
2025-04-18,3760.0425,3772.523,3782.0443,3754.4072,7.976730744463367e-05
2025-04-21,3768.1421,3784.8806,3790.1782,3763.1383,0.0032756857943609
2025-04-22,3780.1122,3783.9522,3799.2295,3778.0791,-0.0002452917537213
2025-04-23,3803.4295,3786.8824,3807.9536,3780.5183,0.0007743755325448
2025-04-24,3787.459,3784.3574,3807.2599,3775.207,-0.0006667753928667
2025-04-25,3792.0838,3786.9937,3801.5765,3780.7772,0.0006966308203342
2025-04-28,3786.3867,3781.6188,3792.0082,3772.8029,-0.0014193052394039
2025-04-29,3776.0025,3775.0767,3785.3157,3768.0311,-0.0017299734177331
2025-04-30,3775.8306,3770.5705,3787.5639,3768.7573,-0.0011936711113711
2025-05-06,3794.3757,3808.5424,3809.0939,3782.777,0.0100705980699737
2025-05-07,3861.5767,3831.627,3863.6776,3814.9868,0.0060612690041208
2025-05-08,3820.5481,3852.8963,3867.3313,3816.2642,0.0055509839553797
2025-05-09,3848.6187,3846.1566,3853.6632,3836.5349,-0.0017492554886566
2025-05-12,3866.5305,3890.6096,3890.7342,3859.0346,0.0115577717246353
2025-05-13,3915.5924,3896.2583,3915.5924,3890.6855,0.0014518804456762
2025-05-14,3894.8386,3943.2108,3960.5228,3890.6504,0.0120506640948316
2025-05-15,3934.0273,3907.1992,3936.4653,3904.9068,-0.0091325576608787
2025-05-16,3898.6662,3889.0854,3903.8528,3874.8619,-0.0046360062727285
2025-05-19,3882.5677,3877.1453,3885.5889,3866.5695,-0.0030701562891881
2025-05-20,3883.1024,3898.1705,3911.4737,3881.7436,0.0054228558315831
2025-05-21,3899.4365,3916.3807,3928.6339,3899.4365,0.0046714734514563
2025-05-22,3912.6007,3913.8651,3923.0195,3903.0898,-0.0006423277491894
2025-05-23,3910.3739,3882.2741,3931.5514,3882.2741,-0.0080715607699406
2025-05-26,3875.7891,3860.1067,3884.537,3849.0384,-0.005709900802728
2025-05-27,3857.6271,3839.3969,3865.4291,3834.8455,-0.005365084856333
2025-05-28,3843.0747,3836.2366,3849.736,3833.9582,-0.0008231240693037
2025-05-29,3838.0092,3858.6998,3869.7909,3831.4577,0.0058555303914258
2025-05-30,3850.493,3840.2323,3858.6128,3829.2542,-0.0047859385174249
2025-06-03,3833.4584,3852.0127,3863.2952,3832.7202,0.0030676269245482
2025-06-04,3855.4878,3868.7429,3875.8569,3855.4878,0.0043432359400061
2025-06-05,3872.6373,3877.5557,3883.1345,3861.272,0.0022779492532314
2025-06-06,3878.1027,3873.9841,3889.4557,3869.3871,-0.000921095730488
2025-06-09,3877.7977,3885.2459,3894.6517,3871.9917,0.0029070330980449
2025-06-10,3887.5512,3865.4652,3897.4573,3850.4663,-0.0050912350232451
2025-06-11,3870.6719,3894.6252,3911.6107,3870.6719,0.0075437233272723
2025-06-12,3885.5196,3892.1992,3900.0408,3870.3838,-0.0006229097475155
2025-06-13,3881.4923,3864.1822,3889.1602,3853.8186,-0.0071982441186463
2025-06-16,3853.6193,3873.7951,3876.1704,3853.6193,0.0024876932562858
2025-06-17,3875.1768,3870.3786,3880.4156,3860.409,-0.0008819516551094
2025-06-18,3871.6502,3874.9708,3881.346,3854.6575,0.0011864989125354
2025-06-19,3870.049,3843.0912,3872.9425,3834.9512,-0.0082270555432315
2025-06-20,3839.7833,3846.6443,3856.4799,3839.7833,0.0009245422018608
2025-06-23,3831.1703,3857.9016,3867.5896,3827.0829,0.0029265248154086
2025-06-24,3862.3876,3904.0342,3914.1579,3862.3876,0.0119579514417889
2025-06-25,3907.0682,3960.0662,3963.0371,3902.1771,0.0143523332864246
2025-06-26,3953.1603,3946.0195,3964.482,3945.2589,-0.0035470871673812
2025-06-27,3949.7879,3921.7578,3969.2626,3918.2041,-0.0061483984050256
2025-06-30,3920.3149,3936.0791,3940.3611,3911.6044,0.003651755342974
2025-07-01,3935.9078,3942.762,3946.2451,3924.7219,0.0016978571391006
2025-07-02,3943.3232,3943.6849,3952.1378,3929.6956,0.0002340744888988
2025-07-03,3949.3998,3968.0676,3971.616,3945.138,0.0061827201255353
2025-07-04,3967.4637,3982.2034,4013.8478,3958.3762,0.0035623889068825
2025-07-07,3977.2881,3965.1746,3979.7481,3956.5663,-0.0042762255689903
2025-07-08,3965.426,3998.4527,4002.269,3965.426,0.008392593859549
2025-07-09,3997.5044,3991.4006,4016.7434,3987.4267,-0.0017637072460554
2025-07-10,3993.4196,4010.0243,4032.9829,3992.5242,0.0046659561057338
2025-07-11,4011.4652,4014.807,4065.9419,4010.1052,0.0011926860393338
2025-07-14,4021.2135,4017.6678,4034.9198,4017.6678,0.0007125622726074
2025-07-15,4023.9896,4019.0644,4042.6574,3994.2628,0.0003476146036762
2025-07-16,4019.3925,4007.2019,4027.8567,3993.9209,-0.0029515575814113
2025-07-17,4005.067,4034.491,4034.5935,4005.067,0.0068100137405104
2025-07-18,4039.8712,4058.5486,4064.6378,4039.3181,0.0059629826910012
2025-07-21,4069.7685,4085.6072,4086.1171,4063.4427,0.0066670631959415
2025-07-22,4087.3354,4118.9582,4119.2021,4068.3383,0.0081630461195585
2025-07-23,4129.1476,4119.7685,4155.6783,4113.9085,0.0001967245018412
2025-07-24,4116.8312,4149.0368,4152.4265,4111.8849,0.0071043554995868
2025-07-25,4145.3195,4127.1634,4150.4994,4117.8005,-0.005271922389312
2025-07-28,4128.1993,4135.8242,4146.12,4112.9677,0.0020984873048641
2025-07-29,4132.6833,4152.0247,4153.3307,4117.5772,0.0039171152390857
2025-07-30,4148.9405,4151.2379,4185.2064,4127.4301,-0.0001894979092971
2025-07-31,4141.5612,4075.5912,4141.8243,4063.6662,-0.0182226848526315
2025-08-01,4069.9254,4054.9286,4085.3543,4040.462,-0.0050698411558057
2025-08-04,4037.9378,4070.7023,4070.7023,4037.9378,0.0038900068425371
2025-08-05,4080.3877,4103.45,4106.2969,4075.5836,0.0080447297754984
2025-08-06,4100.4283,4113.4852,4116.7085,4098.3544,0.0024455519136337
2025-08-07,4120.2822,4114.666,4129.7382,4094.8214,0.0002870558522978
2025-08-08,4109.2734,4104.9669,4122.2104,4097.4157,-0.0023572022613742
2025-08-11,4110.2939,4122.5106,4134.2462,4103.605,0.0042737738031455
2025-08-12,4123.5762,4143.8252,4153.2948,4121.2243,0.0051702959841997
2025-08-13,4150.5037,4176.5776,4186.748,4147.1991,0.0079039048268734
2025-08-14,4179.965,4173.3131,4220.3109,4165.9376,-0.0007816208179632
2025-08-15,4162.4205,4202.3533,4214.7291,4157.495,0.0069585481137275
2025-08-18,4218.2471,4239.4125,4272.9602,4203.4191,0.0088186778584276
2025-08-19,4241.7651,4223.3741,4264.2303,4215.2075,-0.0037831657098714
2025-08-20,4208.4005,4271.3958,4272.1463,4190.5559,0.0113704585156215
2025-08-21,4284.3712,4288.0707,4308.4472,4273.6523,0.0039038526937729
2025-08-22,4287.3633,4377.9977,4378.3881,4287.3633,0.0209714359420425
2025-08-25,4416.2924,4469.2217,4472.6525,4404.7761,0.0208369227786484
2025-08-26,4453.3526,4452.5905,4476.803,4435.5275,-0.003721274332844
2025-08-27,4458.8399,4386.1266,4494.9126,4386.1266,-0.0149270183278701
2025-08-28,4378.0351,4463.782,4464.8028,4364.171,0.0177047785168811
2025-08-29,4455.8034,4496.7591,4516.8395,4452.3632,0.0073877039694143
2025-09-01,4516.8787,4523.7111,4528.1342,4487.5304,0.0059936499600345
2025-09-02,4521.9828,4490.4528,4548.8937,4454.4169,-0.0073519946930299
2025-09-03,4501.3388,4459.8296,4510.7303,4427.5176,-0.0068196240699823
2025-09-04,4461.2503,4365.2085,4465.4967,4327.5068,-0.0212163038695469
2025-09-05,4365.6083,4460.3249,4466.5603,4350.2974,0.0217896579281378
2025-09-08,4467.1693,4467.5733,4482.763,4438.0698,0.0016250834104036
2025-09-09,4448.739,4436.2584,4472.093,4412.6914,-0.0070093757611096
2025-09-10,4438.2998,4445.3649,4466.6325,4414.5937,0.0020527433658958
2025-09-11,4438.839,4548.0345,4548.0345,4427.9242,0.0230958767861779
2025-09-12,4544.5905,4521.998,4564.6665,4517.7897,-0.0057247806717385
2025-09-15,4534.8866,4533.0557,4566.9053,4522.4958,0.0024453128904524
2025-09-16,4539.9217,4523.3367,4552.419,4494.7875,-0.0021440283647959
2025-09-17,4517.2855,4551.023,4556.0296,4503.7959,0.0061207692100391
2025-09-18,4546.0319,4498.109,4573.8331,4454.9886,-0.0116268364277657
2025-09-19,4499.0906,4501.9195,4533.0919,4491.8437,0.0008471337622097
2025-09-22,4512.0251,4522.608,4523.8695,4487.1299,0.0045954842151221
2025-09-23,4536.7569,4519.7781,4560.7319,4459.7281,-0.000625723034143
2025-09-24,4495.2659,4566.0708,4567.4948,4494.1133,0.010242250609604
2025-09-25,4563.9827,4593.4875,4613.9486,4558.8424,0.0060044404042092
2025-09-26,4576.9142,4550.0487,4597.8472,4550.0487,-0.00945660568359
2025-09-29,4555.0342,4620.0528,4647.5691,4541.4252,0.0153853518095312
2025-09-30,4629.8987,4640.6935,4647.5031,4616.2243,0.004467632924022
2025-10-09,4662.1133,4709.482,4726.3449,4651.9895,0.0148228923112461
2025-10-10,4679.4983,4616.8341,4692.5858,4600.9646,-0.01967263066299
2025-10-13,4490.8661,4593.9785,4601.8072,4490.8661,-0.0049504919399204
2025-10-14,4634.0543,4539.0644,4641.4492,4520.9258,-0.0119534952111769
2025-10-15,4544.2431,4606.2879,4608.8239,4526.834,0.0148099903583653
2025-10-16,4588.9206,4618.4218,4645.0959,4586.2801,0.0026342035633508
2025-10-17,4610.6967,4514.2345,4618.5621,4509.3289,-0.022559069853689
2025-10-20,4558.2421,4538.2201,4570.4376,4520.5024,0.0053133261021331
2025-10-21,4556.1224,4607.8715,4615.463,4547.9283,0.015347735117563
2025-10-22,4576.0277,4592.57,4603.4884,4567.2361,-0.0033207306236731
2025-10-23,4578.7018,4606.3447,4611.3409,4541.6944,0.0029993445935501
2025-10-24,4622.7873,4660.6835,4660.6835,4622.7873,0.0117965118850094
2025-10-27,4699.3819,4716.0186,4720.4288,4687.6876,0.0118727435578924
2025-10-28,4697.7277,4691.973,4734.3218,4679.2288,-0.0050987076259623
2025-10-29,4701.0362,4747.8378,4747.8378,4697.268,0.011906462377341
2025-10-30,4735.9807,4709.911,4761.8339,4706.452,-0.0079882257140292
2025-10-31,4702.4946,4640.6676,4706.1395,4640.6676,-0.0147016366126664
2025-11-03,4636.7323,4653.4028,4653.4028,4595.7339,0.0027442603301301
2025-11-04,4649.3481,4618.699,4665.323,4595.066,-0.0074577253445586
2025-11-05,4562.1117,4627.257,4642.6101,4558.7647,0.0018529027329989
2025-11-06,4642.0112,4693.4032,4698.0935,4642.0112,0.0142949051673595
2025-11-07,4673.7616,4678.7944,4701.3743,4666.0405,-0.0031126241188909
2025-11-10,4688.124,4695.0507,4695.1794,4654.2103,0.0034744634216028
2025-11-11,4706.3374,4652.1655,4707.1275,4648.4896,-0.0091341292651002
2025-11-12,4643.5592,4645.9079,4669.6073,4620.9897,-0.0013450940212681
2025-11-13,4643.7862,4702.0738,4703.4897,4643.7862,0.0120893270398236
2025-11-14,4663.3175,4628.1398,4684.2578,4628.0242,-0.0157237004659518
2025-11-17,4616.8058,4598.0525,4624.8976,4580.2613,-0.0065009488261352
2025-11-18,4584.7896,4568.1928,4606.6167,4552.8038,-0.0064939884875172
2025-11-19,4568.0365,4588.2922,4607.8627,4568.0365,0.0043998580795452
2025-11-20,4619.5401,4564.9483,4620.6529,4560.1814,-0.0050877099762739
2025-11-21,4513.3858,4453.6076,4527.0436,4453.1819,-0.0243903528984106
2025-11-24,4473.1563,4448.0478,4478.8081,4421.8123,-0.0012483811999961
2025-11-25,4475.8359,4490.4047,4510.7729,4467.3529,0.009522582019015
2025-11-26,4490.2021,4517.6255,4538.1361,4485.6984,0.0060619925861025
2025-11-27,4520.014,4515.4027,4559.2183,4509.8635,-0.0004920283896928
2025-11-28,4511.4972,4526.6616,4531.7219,4492.4256,0.0024934431651024
2025-12-01,4539.1877,4576.4856,4576.9654,4531.2917,0.0110067869884507
2025-12-02,4571.9098,4554.3347,4575.4945,4539.4312,-0.0048401550744526
2025-12-03,4554.5894,4531.0486,4569.821,4523.5017,-0.0051129531608645
2025-12-04,4533.6004,4546.5664,4557.4228,4514.1878,0.0034247701514389
2025-12-05,4547.9056,4584.5368,4593.8279,4535.0195,0.0083514451696999
2025-12-08,4593.1399,4621.7545,4640.6256,4592.7414,0.0081180938497429
2025-12-09,4611.379,4598.2232,4628.7049,4584.254,-0.0050914214504469
2025-12-10,4586.254,4591.8273,4598.5366,4549.0798,-0.0013909503131558
2025-12-11,4597.1901,4552.1848,4610.2787,4547.1372,-0.0086332732940543
2025-12-12,4558.7375,4580.95,4583.6753,4530.7841,0.0063189877528697
2025-12-15,4550.0028,4552.0596,4595.0463,4548.4382,-0.0063066394525153
2025-12-16,4542.4226,4497.5545,4553.0806,4484.27,-0.0119737228396569
2025-12-17,4499.7729,4579.875,4594.6556,4498.9304,0.0183033913207721
2025-12-18,4553.9788,4552.7926,4571.9683,4544.1416,-0.0059133491634597
2025-12-19,4561.3729,4568.1781,4591.0931,4546.8465,0.0033793544647739
2025-12-22,4587.6683,4611.6235,4615.8721,4587.6683,0.0095104435617341
2025-12-23,4616.026,4620.7341,4644.5347,4607.7992,0.0019755732444333
2025-12-24,4623.6831,4634.0586,4639.4278,4602.1444,0.0028836327110881
2025-12-25,4629.3195,4642.5357,4651.1535,4621.9208,0.0018293035828247
2025-12-26,4639.7895,4657.24,4676.131,4635.1052,0.0031672992843112
2025-12-29,4658.2654,4639.3721,4672.0352,4629.0567,-0.0038365856172325
2025-12-30,4617.3163,4651.2818,4664.3305,4616.6323,0.0025670930770997
2025-12-31,4656.48,4629.9395,4667.0467,4622.0988,-0.0045884770946363
